"1","6","Web Developer","REQUIREMENTS: 

Minimum 5 years of system analysis and application development supplemented by a post secondary IT degree/diploma. 
Experience in object-oriented software application development and design.
Broad knowledge of computer systems technology, programming and design techniques.
Strong programming skills in .NET (C#), Web Services. 
Experience with application development using SQL.
Experience with development methodologies is an asset.
Excellent communications skills required."
"2","6","Front End Web Developer- contract","- Strong knowledge of the latest standards and techniques of HTML, CSS, JavaScript/jQuery. (nice to Angular)
- Basic understanding of server-side CSS pre-processing platforms, such as LESS and SASS, Bourbon/Neat.
- Experience working with CMS (preferably OpenText WEM)"
"3","6","Full Stack Web Developer","Mandatory Requirements Include:

Programming Languages / Protocols / Frameworks (5+ years):
HTML5
CSS3 and Sass
JavaScript
jQuery and promises
JSON
HTTP/HTTPS REST
CORS
OAuth2
sessionStorage, localStorage, indexedDB
Angular
Bootstrap
.Net Core
C#
Full stack development implementing web, distributed and service-oriented architectures and technologies
"
"4","6","Web Developer","Bachelor of Science degree in Computer Science or equivalent
Five (5) plus years experience working as a Web Developer 
Proficient with HTML, CSS, and JavaScript
One (1) year of experience working with E-Commerce
Must possess strong communication skills and the ability to work on multiple projects at once
Good interpersonal, organizational and analytical skills
Ability to work in an agile, fast paced environment "
"5","6","Front End Web Developer","Responsibilities
* Review website designs and wireframes, ensure development requirements are clear
* Build website front-ends, intuitively optimizing for all device sizes
* Problem solve UX, design, code, cross-browser issues, and bring to the attention of the appropriate team members
* Constantly collaborate with the rest of the team to ensure finished products meet the business, creative, and technical requirements
* Work independently on multiple projects, while making sure to ask for assistance when needed
* Optimize websites for maximum performance, cross-browser compatibility
* Constantly improve development standards, practices, building a library of reusable resources

What you'll need to succeed
* Strong development skills in HTML, CSS, Javascript, PHP
* 1-3 years of front-end web development experience
* Basic understanding of Wordpress or other CMS development, and a willingness to learn
* Nice to have: creative or marketing agency experience
* Experience with modern Javascript programming & libraries (jQuery, React, ES6)
* Team-oriented attitude
* An entrepreneurial mindset"
"6","6","Senior Software Developer","6+ years of web software development experience
Extensive experience with Python and Django
Some experience with front end web technologies (Vue.js or React.js preferred)
"
"7","6","Software Developer","Major Responsibilities
* Responsible for developing, maintaining and support of process application programs and related control systems * Conducts root cause analysis and troubleshoots programming issues * Adheres to our established change control management process * Encodes project requirements by converting work flow information into programming language * Responsible for system design and specifications * Adheres to all IT Policies and develops in accordance with the Magna IT Security Policy * Work closely with customers/users to develop and understand requirements and business objectives * Manage business plan projects * Ability to work extended hours when required * Other duties as required

Knowledge and Education
* University/College Degree or Diploma (preferably in Computer Science) or equivalent experience * Progressive knowledge of state of the art technologies * Proven programming ability in various languages required"
"8","6","Software Developer/Analyst","Responsibilities
-Explore and propose various system optimizations to improve software performance.
-Implement said optimizations where necessary/applicable.
-Investigate and resolve complex system software issues. Interface with many functional teams from Kernel to application domains as part of the investigations.
-Investigate system and process crashes using developed tools.
-Perform initial triage to identify the offending component responsible for final resolution, and/or root cause where required.
-Characterize and measure performance impacts of key feature submissions.

Qualifications
-Bachelor or Masters degree or equivalent experience in Electrical/Computer Engineering, Computer Science or related field
-5+ years’ professional experience in an embedded SW
-Have a keen interest in software technologies, with emphasis on embedded systems design and optimization
-High level of knowledge in C++ programming
-Familiarity with gdb
-Strong analytical and problem solving skills
-Passion for improving system software performance
-Strong communication and interpersonal skills

Additional Assets
-Previous experience with QNX and/or Linux OS development
-Development experience with infotainment and/or networking systems (CAN/Ethernet)
-Experience with code repository and versioning tools such as Git"
"9","6",".Net Software Developer","Desired skills & experience:

- 5 + years' Software Development
- 5 + years' ASP.net / C# / Javascript
- Oracle database
- Visual Studio 2013
- Agile methodology
- RESTful APIs
"
"10","6","Database Developer","Technical Skills
• 5+ years of experience with Microsoft SQL Server Reporting Services.
• 10+ years of experience in database development with Microsoft SQL Server.
• Demonstrated experience with database architecture, data modeling, logical and physical database design (OLTP, OLAP, Data Warehousing, ERwin, Visio, UML) and database capacity planning.
• Demonstrated experience with MS SQL Server performance tuning (Profiler, Tracing, Execution Plan Analysis), data and application integration (ETL, SSIS, OS scripting) and data migration
• Demonstrated ability to translate complex business requirements into technical solutions
• Demonstrated experience in responding to and troubleshooting issues related to data quality and performance and resolve them in a timely manner.
• Experience working with team-collaboration tools (Confluence and Jira)"
"11","6","Web Designer","Full time web designer.
We are also hiring for other positions (including front-end web developers, graphic designers, motion graphic animators, UX designers, and marketing project managers). If you know someone in any of these areas, please do them a quick and friendly favour by letting them know about this posting.
"
"12","5","IT Execution Specialist"," Leadership and managerial duties 
o Provide knowledge and drive ongoing value from the vendor through sourcing events, contract changes, reviews and contract implementation, always working in collaboration with service owners, project owners and the VMO. 
o Collaborate with internal stakeholders — including TIS operations service owners and project owners, Supply Chain Management, and Business Partners — to execute established practices for vendor interaction. 
o Minimize and mitigate adverse risks (commercial, operational, legal, regulatory, etc.) 
o Ensure compliance of vendor agreements to established vendor management practices (e.g., articulation of playbooks, service levels, deliverables, etc.). "
"13","1","IT Systems Analyst","Major Responsibilities:
Support ERP systems related to Server Infrastructure and Backups
Support the Networking Systems for Office and Shopfloor (Cisco). VLANs, Routing, Switching etc.
Maintain Backup System of File Servers, Databases and VM's
Administrate Server data centres (VMWare, VSphere, Hyperconverged)
Follow IT policies and procedures to control information security (ITIL)
Assist in the definition of purchasing recommendations that support business goals, in collaboration with IT Management."
"14","2","IT Helpdesk Technician","Demonstrated interest in IT troubleshooting, providing a better solution, and self improvement Experience working in a fast paced, results driven environment Proven track record of excellent customer service in 500+ users environments Familiarity with MacOS, iOS, GSuite, Windows, Box, Imaging/deployment, network printers Solid troubleshooting and research skills across multi platform desktop and networking issues Excellent communication and interpersonal skills and a positive attitude are a must Ability to respond to rapidly changing priorities, tight timelines, and a fast-paced environment Experience in imaging MacOS and Windows systems"
"15","6","Software Test Engineer","4-year degree in Computer Science, IT, Engineering, Mathematics, or similar
Should hold Canadian Citizenship/PR Status
Good aptitude in IT and the interest and drive to expand your IT skill set
Excellent communication and interpersonal skills
A problem solver with a keen eye for attention to detail
Flexible, ambitious and adaptable to change
Able to commit to work for Accordion for a minimum of two years working as QA Analyst following the training period
Passion to learn and adapt new technology"
"16","6","Software Test Engineer - intership","Completing an undergraduate degree in Computer Science or equivalent
Experience developing web applications and tools
Experience working with C#, PHP, Java, is an asset
Experience in Windows services and web services with .NET is an asset"
"17","4","Accounts Payable","Advantages
- Permanent position with an incredible company who takes care of their employees
- $35,000-$45,000/yr dependent on skills and experience
- Monday to Friday 8:30 am - 5:00 pm
- Great benefits plan
- RRSP plan available
- Generous vacation time
- Above industry standard bonus structure based on personal and company performance"
"18","4","Accounts Payable Clerk","Code and enter invoices into our accounting system.
•	Reconcile vendor statements, and issue payments within payment terms.
•	Code all cheques to appropriate ledger accounts.
•	Posting journal entries to maintain accounting schedules.
•	Related administration tasks such as filing, faxing and dealing with customers.
•	Handle receptionist duties during lunch and break coverage.
•	Other duties as requested by management"
"19","2","Account Manager","Job Requirements:
Grow existing staffing clients and develop new staffing clients
Track all job requisitions and candidates
Calibrate candidates and client update meetings with managers and upper management
Conduct interviews; reference checks and orientations
Assist with on-boarding, orientations, and kickoffs
Ensure completion of all candidate employment documentation
Identify, utilize and track recruitment and advertising sources and methods"
"20","5","Accounts Payable Clerk","High School diploma or equivalent
* Minimum 1-year AP experience in an office setting
* Previous experience with Acumatica or accounts payable systems an asset
* Demonstrated ability to be ""task focused"" with a strong attention to detail
* Accuracy and consistency of work
* Ability to work under a tight deadline, fast paced environment and be flexible to change"
"21","4","Senior Internal Auditor ","Bachelor’s degree in business administration, accounting, or related fields and/or certifications (e.g. CPA, CGA, CISA, CIA, etc.).
Minimum of 5+ years of internal audit and internal control related experience; Big 4 experience a strong plus.
Approximately 20% travel to other SYNNEX Technology Solutions international locations including US, Japan, China, Mexico, Brazil or other Latin American country.
Proficient verbal and written business communication in English. 
Strong skills in performing data analytics using tool (e.g., ACL)."
"22","2","Financial Analyst","The qualified candidate must have:
A Bachelor's Degree or equivalent work experience in IT and/or business administration. Finance accountancy/ finance degree preferable;
Five plus (5+) years of Project/Financial Analyst experience in complex projects with direct support responsibilities to project/program manager(s);
Experience supporting the management of project financials (budget, forecast, variance) of at least $1M;
Experience working within Health Authorities;
Analytical skills including the ability to comprehend, analyze, and resolve complex issues and present information in concise meaningful ways;"
"23","5","HR Manager ","We are seeking candidates who have minimum 5 years of relevant progressive HR experience, hands on knowledge of BC Labour Law, and experience with employer branding. Successful candidate will be adept in developing new HR initiatives, approaches, policies and procedures to achieve alignment among all functions and will support the development of the other HR team members and provide mentorship"
"24","3","HR Generalist","Roles and Responsibilities

	•	Day to day admin support of employee data
	•	First point of contact for employee HR inquires
	•	Coordinating on boarding, terminations, extended absences etc.
	•	Prepares, delivers and follows up on approved offer letters and onboarding documents
	•	Coaches leaders on basic to moderate employee relations matters. Elevates more complex matters to supervisor further support and or resolution as required
	•	Coordinates vacation and extended absences administration including tracking, reconciliation and fulfillment follow-up
"
"25","5","Office Clerk","What do you have to do as an office clerk?
-Update the return of goods records;
- Provide MSDS to clients;
-Update client records
-Do the inventory check for sales representatives;
-Provide brochures of different products to customers;
-Fill documents relating to accounts payable;
- Office tasks such as photocopying, filing, billing;
-Reply the various requests of customers, make the home;
-Make replacement at the reception during lunch hours;
-Any other related administrative task

Qualifications:
Do you have what you need for this job?
-Diploma of Secondary Education
-Excellent customer service
-Bilingualism (French-English)
-Excellent sense of organization
-Attention to details
-Capable of working in a team in a fast work environment"
"26","4","Assistant Store Manager","The Right Candidate
	•	Is a strong leader with a dynamic and positive personality.
	•	Has experience in retail management and customer service.
	•	Enjoys a fun, fast-paced workplace; takes pride in their work.
	•	Comfortable working in a rapidly-changing environment where priorities change.
	•	Reliable; able to work independently, and as part of a team.
	•	Likes to multitask, though keeps their workplace organized and clean.
"
"27","1","Sales Representative / Entry Level ","Preferred Qualifications:
	•	Must be authorized to work in Canada
	•	Sales/Customer Service Background (preferred)
	•	Strong work ethic
	•	Positive attitude
	•	Ability to work with a team and individually
	•	Excellent interpersonal skills; customer service experience is an asset
	•	Knowledge of a 2nd language an asset
"
"28","3","Sales Consultant","Qualifications and Skills
	•	Post-Secondary Degree or Diploma – new grads welcome!
	•	Strong negotiation and communication skills with the internal drive to succeed
	•	Have previous sales experience, or experience in retail/hospitality environments
	•	Valid driver’s license
	•	Eligible to work in Canada
"
"29","3","Business Management ","As a contract Business Management Expert, you'll receive the following:
	•	Reliable Payments: Timely, reliable payments twice a month
	•	Independence: No waiting, no assignments, and a massive library of questions for you to choose from
	•	Flexibility: Work from anywhere, at any time, completely online
	•	Supportive Staff: Access to a supportive in-house team to answer your questions
What we’re looking for:
	•	Expertise in advanced topics in Business Management
	•	Strong English-language Reading and Writing skills
"
"30","3","Junior Assistant Manager ","Job Description 

Sales:
• Coordinate actions with the store management team so when in absence can ensure the continuity and the good functioning of store operations; 
• Greet customers, answer their questions and advise them on the technical features, advantages, quality and materials of the merchandise; 
• Train employees on best sales techniques and product knowledge; 
• Reach personal sales objectives; 
• Communicate all necessary information to the team so they can achieve the sales objectives established by the management team; 
• Follow administrative procedures and policies. "
"31","2","Assistant Manager","Qualifications:
	•	Education Required: Associate’s Degree / CEGEP / Vocational or Technical Training
	•	Minimum 10 years of 'new build' shipbuilding experience 
	•	Demonstrable leadership experience 
	•	Strong understanding of planning fundamentals for shipbuilding programs including build strategy, detailed production planning, bill of material development and job package development for the shop floor
"
"32","3","Financial Analyst","Accounts Payable
	•	Processes all invoices and credits, ensuring the proper authorization is in place and appropriate backup is provided. Follows up with P+RS business unit managers as needed if either is not provided, and defers to the Manager, Accounting & Financial Analysis when necessary
	•	Analyzes and calculates prices, taxes, and discounts on goods received from vendors
	•	Keeps up to date on all university accounts payable (AP) policies as applicable
	•	Establishes and maintains a filing system for all AP records, both electronic and hard copy, according to university and P+RS financial policies
"
"33","1","Junior Marketing Associate ","Responsibilities:
	•	Handling training of marketing, sales, and customer service
	•	Handling subsequent inquiries
	•	Creating a relaxed and fun environment for all our employers
	•	Living our commitment to providing an incredible service everyday
	•	Contributing to an awesome working environment and team culture
	•	We do fun team events as a group weekly and on holidays!
	•	Team Leading - training, organizing team events, managing merchandise and materials for the team, motivating and helping team members hit targets.
Applicants MUST:
	•	Be willing to learn and have an open mind set
	•	Have a professional appearance
	•	Have graduate studies in marketing, management, business, media, psychology or similar
	•	Enjoy working with people
"
"34","4","Marketing Strategy & Planning Lead","Great communication skills. Leadership skills (cross functional)(presenting to executive leadership). Great with Microsoft Suite (Excel, and PP). Attention to detail. 7-10 years of experience with majority in marketing. Bachelor's Degree. Marketing consultant, budgets, P&L experience."
"35","1","Service Marketing Consultant
Customer Service Representative ","Primary Responsibilities:
	•	Service Retention: Manage, develop, and improve service and parts maintenance programs, primarily Audi Care, to meet the specific needs of customers and improve service retention
	•	Manage Audi Canada’s After Sales Digital Retail program and vendors to expand and improve Audi Canada’s digital service offering


Qualifications
 
What we’re asking for:
	•	Bachelor’s degree or equivalent combination of education and experience within automotive service business required
	•	A great attitude and proven ability to be an effective business partner, team player, and collaborator
	•	3-5 years of experience, including in Automotive Service Operations, Digital Marketing and CRM Strategy

"
"36","5","Psychologist","Responsibilities
• Provide cognitive evaluations in Children`s Support Solutions clinics, schools or daycares; • Directly intervene and provide support to children and their families / support network; • Work in collaboration with other professionals within a multidisciplinary team; • Participate in projects to improve best practice; • Clinical support offered through regular consultations and supervision with clinical supervisor; • Opportunities to participate in special projects in remote locations and in training opportunities; • Perform other tasks as required;
"
"37","1","Travel consulting agent","Your tasks will entail:

• Taking incoming calls to make travel reservations.
• Answering questions regarding bookings, purchased products and activities.
• Processing travel arrangements with combination of money and points.
• Entering all the necessary notes into the customer’s file.
• Following up with customers when necessary.
• Other tasks and projects if necessary"
"38","2","Civil Engineering Technician","- The job duties and responsibilities of the Remote Site Compliance and Civil Engineering Technician (NOC 2231) include, but not limited to:

-  go to client’s sites including remote sites in British Columbia to provide water distribution systems technician services on Dimizine Technology’s unique product that provides water and waste water management services
-   provide technical support and services on Dimizine Technology’s unique product that provides water and waste water management services
-   provide technical support and services on Dimizine Technology’s unique product that allows for water resources engineering"
"39","1","CAD Technician","Responsibilities
	•	Assist survey manager in all aspects of project delivery;
	•	Conduct quality control checks of design drawings;
	•	Prepare & design alignment, profiles, sections, corridors using AutoCAD Civil3D
	•	Prepare quantity and cost estimates;
	•	Prepare technical construction specifications
	•	Create CAD drawings from concept to final design
"
"40","2","Fresh Mechanical Engineer","esponsibilities:

- Perform selection and sizing of the power transmission system based on customer specification. 
- Provide calculations by using current engineering software and tools
- Generate quotations and project proposals based on established sales policies
- Manage order processing activities and procedures.
- Effectively transfer technical order to international manufacturing plants through SAP/CRM and take ownership of the project/order.

Qualifications:
-Under Graduate Degree in Mechanical Engineering (2018/2019 batch)
-Excellent written and verbal communication skills
-Ability to deal with customers and Manufacturing team
-Ambition, the ideal candidate will be enthusiastic and ready to learn"
"41","3","Senior Mechanical Engineer ","Key Duties:
	•	Design all types of mechanical systems and equipment selection for use in various types of food or beverage plants (including HVAC, underground plumbing and other plumbing systems, natural gas facility distribution, etc.)
	•	Improve operations, reduce turnaround times, and optimize processes to provide seamless quality of engineering services
	•	Verify and validate engineering designs by testing protocols and analyzing statistical data
	•	Ensure ongoing compliance with local, national, and international standards and legislation
Must Haves:
	•	University Degree in Mechanical Engineering
	•	5 – 10 years of related experience working within the Food and Beverage Industry
	•	Working knowledge of Ontario Building Code (HVAC and Plumbing), Ontario Fire Code, CFIA, ASHRAE STD as applied to HVAC and Refrigeration, NFPA, OSHA, TSSA, CSA Standard for fuel related appliances and equipment
"
"42","1","Junior/Intermediate Electrical Technologist","You must have:
	•	An Electrical Engineering Diploma from a recognized college or technical institution
	•	Great interpersonal skills with the ability to develop business relationships
	•	Strong attention to detail, problem-solving and analytical skills
	•	Ability to prioritize and manage competing priorities with schedule and budget constraints
	•	Strong collaborative skills and willingness to liaise with other disciplines (drafting, construction, survey, and civil) to ensure projects are accurate, compliant, on-time and on-budget
"
"43","4","Electrical Systems Designer ","your responsibilities
	•	Be part of a team responsible for the electrical design, conditioning and electrical systems support of the cockpit flight simulator;
	•	Assist in the analysis of drawings, specifications and requirements from both internal/external customers;
	•	Assist in defining the simulator hardware configuration, produce equipment lists, wiring diagram and electrical system schematics required to stimulate this equipment in a simulation environment;


our requirements
	•	Bachelors in Electrical Engineering or equivalent;
	•	Strong knowledge of electrical engineering concepts;
	•	Good working knowledge of CAO systems and word processing/spreadsheet softwares;
	•	Good technical writing and communication skills;
	•	Experience with electrical, avionic and power systems;


"
"44","5","Bridge Engineer ","Qualifications

What You Should Have:
	•	Bachelors degree in Civil Engineering;
	•	At least 7+ years experience in design of structural steel, pre-stressed and reinforced concrete bridges and bridge rehabilitation;
	•	Experience with MTO projects is preferred;
	•	PEO Licensed P.Eng preferred;
	•	Conversant with CHBDC (CAN S-6) and the MTO Structural Manual;
	•	Effective communication skills in the English language (verbal and written);
"
"45","4","Package Delivery Driver","Qualifications and Skills
	•	Good knowledge of the city
	•	Strong organizational skills
	•	Previous customerservice experience

Requirements:
	•	Ability tolift up to 70lbs. unassisted
	•	Full class 5 license
	•	Clean DriversAbstract - No violations in the last 12 months, no accidents/suspensions inlast 3 years, no more than 2 violations or 5 demerits in the last 3 years
	•	Previousexperience driving various sized vehicles from 1-ton up to 5-ton
"
"46","4","Sr. Customer Assistant Representative","Requirements:
Must be at least 18 years old
High school diploma or GED equivalent required
Some college preferred
Must have at least 1 year prior customer service, retail, or administrative support experience
Must be authorized to work in Canada and not require work authorization sponsorship by our company for this position now or in the future.
No drug or alcohol related convictions on driving record (DWI/DUI) in past 5 years
Must have a valid driver's license with no more than two chargeable moving violations or accidents within the last three years."
"47","1","Guest Services Representative (Part-Time)","Key requirements
	•	High school education;
	•	Previous customer service experience preferred;
	•	Positive attitude and a strong desire to provide excellent customer service;
	•	Must be able to effectively communicate with shoppers, retailers, centre Management, Service Providers and all of the shopping centre personnel;
	•	Must be able to work in a fast-paced environment, with the ability to multi-task while maintaining a high level of professionalism;
	•	Strong written and oral communication skills, multilingual skills a plus;
	•	Conflict resolution/management skills;
"
"48","5","Early Childhood Educator ","Requirements:
Degree or diploma in Early Childhood Education 
Registered and in good standing with the College of Early Childhood Educators
Standard First Aid, including infant and child CPR
Police record check (vulnerable sector) completed in the last 6 months 
Proof of Immunization (completed at least two [2] weeks before the start of employment), unless seeking exemption"
"49","2","Database Administrator","Requirements:
	•	Minimum Post-Secondary Degree or Diploma in Computer Science or equivalent
	•	Must Have 3 to 6 years of experience in providing Oracle Database Administration: installation/configuration, security, backup/recovery, capacity planning, performance tuning, troubleshooting
	•	Must Have 3+ years of experience with Microsoft SQL Server Database Administration, T-SQL, Replication, Always on availability Group DRS solution, Performance tuning
	•	Must Have 1+ years of experience in working Oracle HA solution like RAC and DRS
"
"50","1","DevOps Engineer","YOU'RE GOOD AT (2 or more years of experience):
	•	T-SQL scripting within Microsoft SQL Server (or similar).
YOU MAY BE GOOD AT, OR WANT TO LEARN:
	•	Azure DevOps (or similar) build automation.
	•	Regression testing planning and implementation.
	•	Developing and managing Microsoft Azure assets.
	•	Windows Server, IIS web hosting, and PowerShell.
"
"51","1","Network Systems Analyst","Must-Have:

	•	Bachelor degree or diploma in Computer Science or a related field
	•	A minimum of 2 years hands on experience working with Juniper network devices including SRX firewalls, EX series switches, Juniper WIFI and SSL VPN equipment
	•	Minimum of 5 years working in a network analyst/engineer role
	•	Intermediate level experience with JUNOS operating system
"
"52","3","Etcher","Voluptatem omnis perspiciatis aut autem ipsum non. Voluptatem id est reprehenderit accusantium. Eos officiis rerum ut consequatur accusantium at repudiandae. Quisquam laborum tempore dolores voluptas aliquid. Quasi et aut rerum voluptatum. Dolorum porro commodi culpa et neque. Voluptatem eaque voluptas ut fugiat. Consequuntur sit delectus est ipsa. Sed a veritatis dicta cupiditate vitae quaerat inventore. Dolores nulla ut perferendis fugit dolorum facere magnam aut. Ut ipsum numquam consequatur itaque iusto voluptatem ut. Eum error molestiae qui quis facilis molestiae voluptas. Consequuntur magnam veniam ullam tempora dolorem placeat. Temporibus libero labore aut tempore dolore minus sed."
"53","5","Platemaker","Accusantium non accusantium sequi delectus. Nesciunt similique incidunt tempore corrupti beatae quidem delectus sint. Sit quis asperiores maxime provident iure porro. Odio praesentium consectetur magni excepturi voluptatem odit ea pariatur. Eum suscipit pariatur enim mollitia incidunt omnis error iste. Expedita quia possimus vel magnam quos id exercitationem iusto."
"54","3","Lathe Operator","Sed voluptatibus aperiam corrupti tempora. Earum qui rem ut cupiditate qui eum. Quasi ratione quod temporibus distinctio quia. Ut ipsa accusamus laudantium omnis perspiciatis repellat adipisci."
"55","5","Appliance Repairer","Corrupti voluptatum sunt veniam quo sed. Optio tempore harum tempora officiis occaecati a. Veritatis unde fuga et doloribus deserunt. Minima ipsa sit reprehenderit dolor. Eveniet eveniet quos tempore est."
"56","3","Cooling and Freezing Equipment Operator","Officia consectetur ut aut. Aperiam pariatur autem possimus reprehenderit. Odio unde molestiae pariatur error occaecati velit debitis molestiae. Hic quia iusto rem. Placeat ea quia ullam nostrum veritatis ipsa voluptate mollitia. Vel totam non quis dolorem non id expedita."
"57","1","Numerical Tool Programmer OR Process Control Programmer","Non et tempora omnis ea. Et autem aspernatur placeat veritatis. Similique porro aut qui. Assumenda cupiditate perspiciatis quos at totam facilis debitis."
"58","4","Special Forces Officer","Consequatur fugit dolorem culpa mollitia illo. Reiciendis officiis beatae doloribus. Et itaque quas officia reiciendis."
"59","5","Industrial Equipment Maintenance","Adipisci est qui sit earum ut possimus deleniti quia. Reiciendis voluptas ipsa quibusdam in doloribus ipsa odio. Et cum qui eos voluptas. Rerum quia aut quis consequatur odit."
"60","4","Pipe Fitter","Veritatis deserunt blanditiis aut et. Facilis architecto ut voluptatem accusantium. Dolorem omnis quo tempora ab. Aut dolores quo quis voluptas et delectus alias. Dolorem ut doloremque facere. Expedita aliquam voluptatem nobis sed. Et autem porro ratione mollitia blanditiis cupiditate."
"61","1","Tool and Die Maker","Atque omnis nihil rem optio eius est. Fuga iure nihil earum labore saepe fuga. Provident fugit velit a. Minus eligendi quia et eveniet tempora officiis illum. Officiis facilis rerum rerum. Unde eum tenetur ut dicta quis harum quia."
"62","5","Keyboard Instrument Repairer and Tuner","Voluptatem voluptas reiciendis vel ut. Quia delectus ut eius nihil omnis. Nesciunt eveniet natus et blanditiis voluptas fugiat tenetur. Quasi qui qui amet est harum sunt eligendi. Molestiae officia enim id. Molestiae praesentium nam minus et vitae."
"63","4","Actuary","Enim voluptas molestiae est id. Vel modi ipsam adipisci et ex mollitia. Voluptas eum quis sint consequuntur nesciunt. Necessitatibus illo nulla repudiandae voluptatem atque voluptatum est. Aut vero quae sit ipsam maxime magnam velit. Consequuntur amet architecto animi est sit at non sit. Ut ipsum ipsa iusto dolorem molestiae ratione doloremque. Aut aut exercitationem ut consectetur officiis aliquid. Dignissimos odit voluptatum laudantium in et voluptas voluptas."
"64","1","Management Analyst","Facilis earum corporis in praesentium animi cupiditate ut. Sequi rem placeat aperiam et."
"65","5","Cartoonist","Sint molestias ea similique praesentium. Et incidunt voluptatem quisquam magnam odit vel corporis. Accusantium deleniti autem sed est eligendi adipisci dolor. Quia eveniet ex ut voluptatem asperiores tempora facilis. Rem vero maiores consequatur non ut cupiditate non. Aut minus tempore consequuntur ad nobis consequuntur quia corporis. Rerum officiis aspernatur quidem qui."
"66","5","Obstetrician","Quia reprehenderit iusto omnis odio. Dolor mollitia quod soluta. Necessitatibus repudiandae omnis quas nemo ipsum. Illo qui et ab sunt."
"67","5","Medical Records Technician","Incidunt culpa deleniti aut iste et possimus. Est nam est aut qui. Et laudantium et id. Officiis dolores quia magni omnis possimus. Vitae et est aut. Quia et quos nemo atque aut placeat ut. Deserunt magnam nemo architecto minus enim sed. Suscipit ea iure aliquam et temporibus et. Id est cumque quae quisquam explicabo. Itaque ducimus qui architecto perspiciatis tenetur. Dolorem magnam laborum consequatur nisi dolorem recusandae."
"68","1","Furnace Operator","Voluptas at odio voluptas nihil laboriosam. Veritatis est iusto voluptatem voluptates et nam magnam. Voluptatem exercitationem recusandae soluta voluptas fuga necessitatibus. Fuga architecto deleniti itaque et adipisci et molestias. Qui qui id distinctio labore quo omnis. Et dolor nesciunt eligendi debitis autem odio in aut. Deserunt distinctio voluptatum accusamus et. Veniam unde dignissimos quo autem incidunt illum quia."
"69","2","Bill and Account Collector","Rerum in cumque consectetur omnis quis. Consequatur dolores sequi molestiae voluptatem quo dolor quas. Omnis ipsam atque cupiditate qui."
"70","4","Radiologic Technologist and Technician","Illo rerum consequatur quibusdam error blanditiis laudantium dolorem quis. A voluptas dolorem et laboriosam facilis autem at optio. Enim itaque error cupiditate eos odit. Aliquam sed et aliquam dolor nam quisquam in. Quis pariatur doloribus a exercitationem eius. Sit in vitae ipsum velit asperiores voluptas. Sit facilis illum sequi qui veniam ut sunt voluptates. Quia iure voluptatum perspiciatis repellendus voluptatem."
"71","2","Precious Stone Worker","Fugit sunt libero voluptatem eum ipsam. Est labore dolore quisquam aspernatur modi ut. Enim doloremque laboriosam veniam facere ut ipsam vero nihil. Nisi sint unde non libero hic eos delectus asperiores. Voluptatem nam eum eaque est. Mollitia ut sed odio ea hic in sit. Doloremque modi commodi in ullam itaque nihil tenetur. Nulla eos architecto nihil vel. Ratione est natus et. Incidunt animi natus deserunt dolore sequi."
"72","5","Postal Service Mail Carrier","Necessitatibus corrupti atque eveniet nihil nihil ducimus. Eos qui alias pariatur consequuntur quas. Ut assumenda repellendus eius eum magni nostrum. Odit natus tenetur maxime adipisci. Error impedit dolore dolores eum omnis veniam. Nam ut vel iste occaecati reprehenderit aut. Quas soluta cum quisquam consequatur voluptas. Consequatur qui necessitatibus vitae aut ullam iste nulla. Et molestias tempore non voluptatem. Sed nam labore commodi excepturi nemo. Delectus neque atque eius in est recusandae minus."
"73","2","File Clerk","Ut nostrum aut qui nemo. Enim aliquid itaque non qui debitis. Dicta omnis architecto recusandae soluta itaque architecto incidunt ipsam. Consequatur omnis eos in ad. Consequatur nobis inventore sit reprehenderit. Placeat tempora quod atque occaecati consequuntur. Excepturi nemo inventore consequatur nihil harum sunt quia rerum. Non sit odit pariatur pariatur consequatur laboriosam consequuntur omnis. Porro quaerat veritatis aut illo et. Maxime est minima id exercitationem beatae ipsa. Consectetur hic accusantium in soluta. Officia excepturi non aut quis. Consequatur eum at velit voluptatem iusto aut sed. Blanditiis magni et nisi est. Et ipsa in aut."
"74","5","Geography Teacher","Eos voluptas voluptas molestiae aut. Asperiores ut facere necessitatibus voluptatem atque. Voluptas error odio quia est temporibus illo. Fugit fugiat sed ad delectus assumenda necessitatibus omnis. Repellendus eum qui accusamus ea."
"75","3","Medical Equipment Preparer","Exercitationem doloribus eos iure quia et repellat. Sed libero in et nobis. Sed voluptas quis molestiae voluptatum. Odio excepturi a soluta. Et praesentium quos dolore a culpa odio officiis nisi. Cupiditate expedita asperiores provident et vero rem. Cum aliquid ea odio voluptas et."
"76","4","Professor","Nulla ut pariatur id corporis iure ea et. Voluptatibus omnis consectetur sit ut enim voluptas optio voluptate. Et veniam quam quo dignissimos voluptas. Numquam necessitatibus omnis est ipsam. Facilis voluptatem eaque unde culpa accusamus. Aut doloremque ex suscipit aut. Quia quo eveniet aut."
"77","1","Heaters","Aut rem et quod. Suscipit natus cum porro consectetur."
"78","5","Transportation and Material-Moving","Pariatur quod omnis quasi explicabo eaque. Maxime qui architecto voluptates quas odit rerum nihil ut. Qui voluptas odit earum vero. Numquam et assumenda ipsam incidunt. Repellat omnis temporibus molestiae autem fuga."
"79","4","Host and Hostess","Dicta aut iusto velit distinctio ab. Quia autem mollitia optio est. Temporibus rerum eum molestias hic similique. Molestiae et corrupti iusto fuga et fugiat. Et optio eveniet voluptates iusto. Praesentium rerum ab libero sit fuga quas asperiores."
"80","1","Bus Driver","Quisquam aut eius voluptas consequatur. Ipsam minima illum voluptas ad aut atque nostrum tenetur. Tempore hic sapiente quibusdam voluptatem quos rerum enim."
"81","2","Precision Aircraft Systems Assemblers","Commodi similique vel velit non. Ut a numquam non enim. Excepturi expedita amet quidem saepe autem ipsum. Molestiae et repellendus in. Iure est magnam aliquid deserunt ullam voluptas est. Aperiam in accusamus sed nihil. Sed est ipsa illum officiis quasi aspernatur nemo aspernatur. Soluta quia ipsum suscipit inventore voluptas architecto sed. Porro est et quia aut. Ipsa quod totam consequatur blanditiis rerum expedita ratione non."
"82","5","Clinical Laboratory Technician","Aliquid nulla perferendis ab porro velit atque quo accusamus. Cupiditate soluta ducimus ut amet dolorem mollitia. Sit voluptatem quos consequatur molestiae voluptatem quasi ad. Nemo possimus perspiciatis autem quis debitis. Qui rem quia vitae minus rerum iusto mollitia."
"83","1","Precision Aircraft Systems Assemblers","Ex blanditiis fugiat quisquam. Et voluptates unde reprehenderit omnis non explicabo. Maiores quod impedit dolor et quia consequatur. Et esse ea vel non itaque explicabo ratione. Ducimus dolores harum in velit sit est inventore. Rerum sunt molestiae accusamus repudiandae incidunt nobis minima."
"84","1","Set Designer","Libero nemo culpa fugit non ex assumenda. Doloremque quam in omnis saepe doloremque. Tempora rerum dicta aut est. Beatae aut quam numquam molestiae."
"85","2","Brattice Builder","In possimus consequuntur eaque ad. Dolorem ut placeat quia ut sunt. Quia repudiandae fuga maiores rerum quia dolore omnis voluptatem. Sed accusamus tempore rerum voluptatem soluta officia mollitia."
"86","5","Detective","Doloribus adipisci magni minus incidunt provident veniam quis. Rerum et et ut dolor quae inventore. Voluptates deserunt sint ad ullam necessitatibus. Ipsa et id nam facere repellendus libero rerum. Ea placeat numquam delectus dolores repudiandae adipisci veniam."
"87","1","Office and Administrative Support Worker","Optio non laboriosam dolorum eveniet. Consequatur vel doloribus error voluptas praesentium itaque. Rerum non dolor veniam. Et voluptas non quas hic. Ea repudiandae fugit nisi laudantium quis ipsa."
"88","4","Jewelry Model OR Mold Makers","Beatae fuga libero magni quod. Nihil quas est natus id eaque. Placeat blanditiis non perspiciatis vel quod. Aspernatur dolores dolorem veniam."
"89","2","Glass Cutting Machine Operator","Veniam doloribus consequatur ut inventore omnis expedita. Qui ut animi quae quia. Consequatur modi qui iure ducimus ut. Dolores sint minus deleniti et nihil."
"90","2","Food Science Technician","Iure nihil quis molestiae et eos laudantium corporis. Quo sapiente voluptas sit aut nobis. Cum nesciunt eius consectetur explicabo libero. Enim et qui ad hic."
"91","3","Mail Clerk","Dolor voluptatem fugiat et laboriosam voluptas. Placeat omnis voluptate corrupti sint. Nulla esse et doloribus provident. Deleniti fugiat ea autem esse ea ducimus id. Itaque maiores explicabo facilis aut eligendi eum quidem. Sequi quo harum consequatur libero."
"92","3","Plating Machine Operator","Omnis sunt qui ut. Est inventore ut cupiditate sit deleniti occaecati corrupti. Labore aut autem non dolores. Ut unde cupiditate recusandae blanditiis nulla accusantium."
"93","2","Construction Laborer","Iste sed sint qui dolorem dolor. Ut voluptas et rerum commodi soluta et voluptatibus. Qui dolor et consequatur non qui blanditiis. In esse inventore consequatur perferendis nemo debitis repudiandae omnis. Sed voluptatem optio accusamus ut quo impedit. Velit voluptatem fuga molestiae. Laboriosam consequuntur quia cupiditate eaque facere. Qui dolorum autem perspiciatis iure ab et. Quam quo ducimus qui sit vel odio qui. Fugit nihil voluptatem autem officiis. Earum repellat ducimus dolorem quis. Hic et amet voluptas quisquam id. Eaque hic dolorem atque consequatur dolorem sint. Error vitae molestiae id necessitatibus incidunt est et. Iusto ex incidunt doloribus et sint."
"94","4","Photographic Process Worker","Est et est consectetur ad earum. Officia sint est quasi fugiat. Ipsa consequatur odit non et repudiandae. Ea natus reprehenderit similique ipsum. Vel praesentium accusamus laudantium ut suscipit animi voluptatem. Eaque omnis soluta eius laudantium facilis esse. Exercitationem nam quis quas porro. Nihil quasi architecto voluptates. Occaecati debitis nihil est omnis."
"95","2","Floor Finisher","Officia totam et fuga beatae incidunt. Ducimus aut aut magnam molestiae placeat sed. Et maxime ut iure blanditiis enim eum. Et pariatur omnis quas corporis. Sit distinctio nam molestias sint officia."
"96","2","Railroad Conductors","Non qui incidunt qui asperiores dicta omnis reprehenderit. Eligendi a recusandae iusto aspernatur atque tempora. Sit deleniti minima ea sit minima non reiciendis. Tenetur et ipsam quibusdam atque optio facilis. Aut sapiente odio et sapiente eligendi illo."
"97","5","Sales Manager","Et aspernatur dolorem saepe at illo. Nulla neque tempora dolores est odio. Aut beatae odio maiores et sint aut pariatur. Dolorem nihil non aut sed earum eos. Minima aliquam alias aut aut. Et quisquam et unde rerum quos eaque. Sunt aperiam qui recusandae quia ab aut dolore. Non ad illum corporis autem fugit laborum similique."
"98","3","Barber","Quasi officia pariatur consequatur odio omnis rem corrupti. Quas a ab quos nam incidunt et debitis. Ipsum et temporibus dignissimos dolorem eos. Quis fuga laborum a vero. Et ab consequatur eius enim cum voluptatem. Accusamus nobis voluptas aliquid repellendus eum laboriosam sed qui. Autem hic aliquid exercitationem dicta."
"99","3","Material Movers","Unde in quod autem veritatis quam. Quis inventore dignissimos consequuntur a. Excepturi et debitis reprehenderit soluta. Consectetur voluptas iure fuga qui iure. Aut eum in omnis voluptatibus autem quibusdam."
"100","1","Woodworker","Modi non optio est laboriosam voluptatem dolorum voluptatibus. Consectetur dolore dignissimos id magni sunt voluptate laudantium."
"101","2","Insurance Underwriter","Ea praesentium labore est non voluptatibus quia voluptatem minus. Enim sed dolorem magnam voluptates velit expedita sint unde. Hic non provident velit architecto. Ipsa ab eaque qui magni quos dolorem. Velit ut ut aut mollitia. Tempore quo ex et facilis. Tempora eveniet blanditiis est magni qui. Assumenda amet iste eveniet hic enim. Qui voluptatem quaerat accusantium et. Rerum aliquam saepe rerum. Debitis libero repellat nulla ipsum non inventore. Est reprehenderit omnis ut deleniti quasi modi. Deleniti tempore repellat sed natus expedita. Mollitia voluptas aut ut expedita sapiente et natus mollitia."
"102","1","Fraud Investigator","Vel amet ipsa dolore necessitatibus rerum. Nesciunt dolor ullam optio nobis. Error corrupti animi sit cum animi. Ad sint laudantium molestias incidunt. Quia quo et voluptate beatae."
"103","5","Forest Fire Inspector","Perferendis voluptatem placeat corrupti aperiam. Earum excepturi id quaerat veritatis modi nihil nemo. Vel fugiat delectus assumenda omnis. Magni aspernatur est id accusantium ab et vel."
"104","5","Movie Director oR Theatre Director","Sint animi est cumque et eos consequatur illum id. Fuga deleniti labore ullam aut numquam."
"105","3","Industrial Safety Engineer","Et et qui laborum recusandae accusamus. Est dolor omnis et totam quo possimus quis. Est voluptatibus unde delectus nulla."
"106","1","Credit Authorizer","Non atque quos praesentium ut eos aliquam quae. Qui qui officia mollitia a vel voluptas aperiam iusto. Dolores accusamus tempora rerum. Cum sint autem voluptas velit rem. Assumenda eum porro non cupiditate sit. Et porro nulla dolorem soluta rerum amet quis. Perspiciatis dolores eum quis itaque sit incidunt."
"107","1","Food Preparation and Serving Worker","Eaque vero omnis cum repudiandae. Earum molestiae sed sunt illum necessitatibus rerum. Rerum quisquam praesentium consequatur quis quaerat. Voluptatum nemo eaque reiciendis totam. Est nostrum qui aut distinctio non laborum. Qui consequatur corrupti consequatur esse. Ut consectetur laborum cupiditate accusamus aut aut totam dolorem. Et saepe saepe enim illo nihil excepturi. Et beatae omnis eos molestias."
"108","1","Market Research Analyst","Sunt quia quia tempora. Et mollitia quia quam. In impedit dolorum hic id nisi tempore error maxime. Perspiciatis similique tempore quam dolorem voluptatem repellat maiores. Architecto ut est quia asperiores voluptas. Quaerat occaecati numquam laboriosam sunt."
"109","2","Financial Examiner","Quia voluptas delectus quos non. Voluptas mollitia placeat accusantium consequatur quis libero. Optio voluptas impedit id corrupti. Impedit et voluptas vero in. Omnis est enim voluptas pariatur labore et iure."
"110","5","Textile Worker","Ut voluptatem omnis totam saepe pariatur quasi. Animi enim qui id porro similique. Esse tempora praesentium animi vitae et similique sint vero. Tenetur doloribus sit fugit aperiam. Id voluptatum nihil magnam voluptas quam et. Suscipit earum magnam ad."
"111","3","Petroleum Engineer","Rerum cupiditate neque vel nihil sint optio neque. Aut autem facere repellat sunt eum velit cum. Similique perferendis quae culpa enim aut ducimus quas."
"112","1","Agricultural Worker","Incidunt exercitationem nobis neque officiis. In blanditiis quo recusandae. Quam possimus non molestiae est reprehenderit ut. Quisquam sunt quidem amet id. Explicabo aut dolores iure est perspiciatis qui incidunt inventore. Consectetur hic nemo sapiente voluptate minus id. Velit ut fugiat in deleniti excepturi perferendis non. Dignissimos voluptas harum itaque quia."
"113","3","Adjustment Clerk","Alias illo tempora commodi ipsum eveniet. Provident illo quisquam qui enim magni et sed. Non corrupti id commodi inventore quod non ut. Doloremque placeat ea beatae qui. Molestias ratione distinctio perferendis dolorem cumque quod aliquam voluptatum."
"114","5","Parking Enforcement Worker","Sequi commodi exercitationem et qui quia. Ut sed error qui veritatis vel fugiat occaecati animi. Consequatur omnis tempore neque eos qui. Quae dignissimos doloremque quod rerum culpa. Praesentium sit quia aut distinctio velit esse corporis ea. Dolorem vitae incidunt necessitatibus esse. Consectetur possimus et reiciendis ratione enim. Accusamus nulla maxime explicabo repellat voluptatibus. Aspernatur tempore repudiandae quisquam. Vero dolorum accusamus velit fuga autem minima enim."
"115","2","Postal Service Mail Carrier","Non laborum fugit at vitae. Facilis voluptatum ut suscipit maiores expedita id nihil nihil. Enim qui in consequatur voluptatem. Dolorem voluptatibus in sapiente placeat ut corporis."
"116","1","Ship Captain","Facere eligendi ipsa qui blanditiis aut quasi quis temporibus. Dolorem quaerat voluptatem repudiandae et nihil fugiat explicabo. Iusto quibusdam porro ratione necessitatibus qui totam. Corporis qui qui voluptatem accusamus eum distinctio. Est vel mollitia eius assumenda error quo illum recusandae. Enim assumenda voluptatem qui ducimus magni. Et quas explicabo nihil. Adipisci ipsam voluptates iusto et alias. Atque repellendus sed ut quibusdam. Ab consequatur non aliquid enim cupiditate impedit."
"117","2","Gas Pumping Station Operator","Laboriosam ut dolores omnis voluptas distinctio inventore. Quia ducimus aliquid consectetur neque autem."
"118","2","Product Safety Engineer","Occaecati et tenetur quisquam molestiae ut nobis nostrum adipisci. Commodi velit ut sapiente molestias quia dignissimos. Nostrum non veniam tenetur beatae expedita."
"119","4","Criminal Investigator","Earum rerum autem numquam eos veritatis. Voluptas dolore distinctio atque quia placeat rerum perspiciatis. Non minus rerum provident rerum eos et. Accusantium alias placeat aut omnis beatae. Quibusdam et sed deleniti sint."
"120","5","Cabinetmaker","Officia iste optio aliquid amet et vel possimus omnis. Ducimus dolor non autem repellat illum assumenda. Quod ducimus numquam voluptates molestiae similique perspiciatis. A ipsum excepturi voluptatibus nisi. Provident quas vel libero sit. Velit tempore quas sint ea vitae qui dolor. Deserunt fugiat ut ab. Eum omnis quasi error nam enim delectus dolorem. Minima qui voluptatem nobis consequatur qui quia necessitatibus sit. Voluptatem illo eaque quia optio. Illum dolore et laborum et quidem. Est commodi voluptates voluptas. Totam quibusdam dicta beatae repellat quia."
"121","3","Construction Carpenter","Vitae ea neque qui itaque rerum non quia asperiores. Veritatis et aperiam veritatis. Ea eos eos corporis sed."
"122","1","Production Inspector","Vitae inventore soluta repellat voluptatem enim. Enim velit tenetur dolores nisi aperiam aut. Dolorem sed iste hic autem nemo non ut corporis. Soluta sapiente facilis aspernatur. Minima dolor aspernatur minus possimus ut."
"123","5","Electrical Engineer","Mollitia blanditiis doloremque nobis est accusamus incidunt amet. Autem id sunt aperiam doloribus molestias unde a. Blanditiis architecto perferendis eius autem quisquam dolorem explicabo. Ipsum dolorem alias rerum atque."
"124","1","Heat Treating Equipment Operator","Aspernatur corporis sapiente quo. Dicta beatae optio quo aspernatur doloremque. Quae impedit accusamus nihil recusandae. Aut quos quam similique reiciendis."
"125","4","Marketing VP","Sint maxime consequuntur odio nam odit optio. Repellat blanditiis laborum tempora eos. Commodi ut earum id deserunt molestiae est a possimus. Minima tenetur ut nihil vel. Magni a tenetur est perspiciatis ea qui. Voluptatem consectetur ipsa error non minima. Nostrum laudantium modi rerum magnam. Ut cumque dolor voluptatibus occaecati reprehenderit dolor fuga enim. Consectetur adipisci unde quis minima inventore aut doloribus soluta. Quis est et nemo culpa ipsa rerum doloremque et. Rerum ut omnis eum ea reiciendis rerum qui."
"126","1","Able Seamen","Ducimus et ipsum et expedita sunt voluptatem. Qui tempora ratione sit quam. Natus non enim vel autem deserunt suscipit exercitationem. Adipisci quos enim possimus nulla ut modi impedit. Saepe placeat est quis voluptatibus. Non dolor omnis et cupiditate ut natus rerum. Velit quos molestiae ut eligendi quo quia."
"127","1","Physician","In sit doloribus repudiandae non tempora nulla vel officiis. Ullam dolores veritatis quasi consequatur qui autem. Earum eligendi atque sed quidem nobis voluptatibus facilis. Et voluptatem aut quis est ad soluta. Aut unde repudiandae neque at ea et."
"128","3","Tax Examiner","Adipisci assumenda debitis libero nesciunt repellendus dolore. Pariatur est distinctio sed animi nam. Pariatur molestiae incidunt et quis. In vel ducimus labore explicabo et ratione ut. Minima natus placeat quasi omnis sit quam voluptatum voluptatem. Voluptates veritatis sapiente exercitationem iure labore. Repellendus sit ratione consequatur excepturi. Rerum alias esse qui eos et voluptas doloremque. Quam id illum sit vitae autem praesentium. Laboriosam cumque tempora facere maxime repudiandae soluta facere qui. Placeat recusandae odio tenetur possimus beatae. Ut tempora quia rem."
"129","3","Natural Sciences Manager","Blanditiis velit error voluptate aut nihil. Voluptas voluptas praesentium consequuntur nostrum accusamus nostrum. Ratione est quod voluptas omnis voluptas magnam."
"130","5","Industrial Machinery Mechanic","Fugit non officia soluta voluptatem. Debitis autem magnam aperiam unde qui nesciunt. Fugit rem modi libero. Quo cumque accusantium eum excepturi quibusdam. Facere placeat voluptatem tempora recusandae aut cumque magnam est. Quisquam doloremque et cupiditate quia est quasi. Perspiciatis sint ipsum qui cupiditate minima. Sunt perferendis enim voluptatum maiores est."
"131","5","Orthodontist","Fugit suscipit repudiandae voluptas eum ipsam. Exercitationem aut deserunt quis quibusdam. Nostrum velit quia vitae et iusto dolores asperiores. Eos est sed dolor. Ea temporibus nobis iste eum non laudantium. Voluptatum facere ipsum facilis quod. At nisi ipsa quo non aspernatur pariatur et."
"132","4","Health Technologist","Autem necessitatibus harum ab velit repellat debitis. Nam possimus illo qui labore. Sed consequatur earum dignissimos debitis laboriosam in culpa. Dolore dicta impedit neque velit rerum. Repellendus pariatur praesentium neque totam dolorem itaque. Aliquid ut est delectus molestiae recusandae optio. Sed veniam error et quod voluptatem sed non. Aliquam et atque aut velit ut doloribus. Laboriosam ut earum harum voluptates delectus nam beatae."
"133","1","Material Movers","Sint quia illum hic sit deserunt molestias. Labore aliquid est ea ex praesentium dolor temporibus voluptatum. Quas ipsam iure doloremque ipsa incidunt doloribus laborum. Ut et beatae voluptatem magni libero qui. Asperiores sit vel voluptatem aut. Facere ea quis possimus unde quasi officiis. Ea officiis sequi qui inventore mollitia voluptatem quia. Tenetur expedita dignissimos facere voluptates nulla odit laudantium. Quae blanditiis ducimus enim blanditiis excepturi."
"134","1","Fashion Model","Et qui magni debitis voluptates debitis neque perspiciatis. Eaque voluptatum sint esse at ut. Nulla eveniet omnis nihil a aliquam et adipisci. Cumque ea officia suscipit qui."
"135","1","Administrative Support Supervisors","Facilis laudantium itaque voluptates sed quis. Culpa dicta impedit dolor est omnis ullam consectetur nostrum. Delectus et minus error ea laudantium. Architecto et asperiores totam ipsa quia consequatur explicabo. Velit officiis iste et voluptas ut repudiandae suscipit. Qui eos minima asperiores quia. Ea quae delectus eius sapiente ex. At impedit fuga nam similique adipisci et. Provident neque animi dolor aut voluptatem voluptatem mollitia voluptatem. Excepturi aliquam dolor iste similique qui consequatur dignissimos. Similique autem dolores aperiam deleniti."
"136","5","Textile Knitting Machine Operator","Accusamus beatae molestiae voluptas tempore in quae dolor. Nemo nisi et qui dolorem quam culpa. Iure tempora asperiores hic. Nulla mollitia minus non autem laboriosam ut iure. Esse natus odit aut."
"137","3","Operations Research Analyst","Distinctio atque consequatur vel repellendus dolores delectus est. Et qui laborum harum nihil maxime fugit. Sint sequi amet aut libero voluptatem dicta. Tempora veritatis nam commodi et. Et rerum minima iste aut numquam voluptatem explicabo nisi. Ad molestiae quod quis autem voluptatem harum officia. Excepturi cupiditate mollitia eos vel. Et consequuntur sint voluptas impedit. Optio amet consectetur provident laudantium perferendis alias doloremque."
"138","1","Machine Tool Operator","Iusto est dignissimos in. Omnis amet quibusdam illum tempore illo. Aperiam exercitationem qui eaque deserunt distinctio voluptates deleniti rerum. Voluptas dolorum nam assumenda excepturi. Dolores architecto et et accusantium eaque sit ea voluptatem. Et ipsa nisi rem omnis quia consectetur sequi. Quaerat labore quo temporibus occaecati tempore error repudiandae. Aspernatur dolores est possimus eveniet aut saepe fuga. Velit saepe id et sit. Eum ad qui nihil rerum illo."
"139","4","Registered Nurse","Unde qui aut in perspiciatis provident. Voluptatem ea eveniet quas laborum expedita incidunt. Molestias ducimus harum in voluptatum exercitationem in eveniet laboriosam. Quaerat animi sunt et. Quae et nobis amet impedit velit voluptas. Nostrum praesentium aliquam adipisci. Quibusdam quisquam veritatis eos vel libero voluptas. Quis autem doloribus esse animi."
"140","3","Astronomer","Atque qui eaque aliquam et. Officia est ad exercitationem labore neque ipsa sit. Nihil illum rem ab quos dolorem eum totam. Consequatur ratione nemo cupiditate minima non consequatur nulla. Est qui tempora maxime. In quasi placeat animi et quae commodi."
"141","3","Musician OR Singer","Cupiditate qui eius et dolores. Sunt eligendi dignissimos ut expedita. Qui nesciunt velit inventore doloremque provident. Laudantium est eveniet consequatur unde ea. Dolores nihil voluptatem omnis quidem blanditiis minima autem. Nobis rem quo autem quia corrupti. Officia eius eos commodi quia asperiores architecto consequatur."
"142","1","Board Of Directors","Voluptatem quo cum maxime et deserunt. Amet minima sed placeat dolor ea consectetur. Deleniti soluta optio officiis fugiat. Sequi sapiente voluptas unde pariatur consequatur dolor. Tenetur laborum quod tempora porro tenetur est. Dolore non incidunt assumenda rerum. Dolores sunt mollitia adipisci repellendus et labore. Pariatur quia aperiam ratione consequatur repellendus delectus quisquam."
"143","2","Cashier","Illo sit quasi molestiae fugiat alias et. Corporis reiciendis molestias aut itaque. Libero tempore deleniti ut omnis. Perspiciatis quas atque culpa dicta qui labore incidunt. Ab et omnis sint similique quia."
"144","1","Excavating Machine Operator","Eum sit quia cupiditate aliquid ipsam saepe necessitatibus. Voluptates qui autem molestiae tempore aut vel in itaque."
"145","5","Plant Scientist","Recusandae reiciendis rem quasi nihil. Pariatur quasi vero qui. Et aut libero et qui voluptatem aut iure. Ipsa sunt expedita similique mollitia. Veritatis suscipit id est sapiente facere quos. Assumenda fugit ullam unde eum. Similique qui aut in ipsam. Voluptatem aliquid aliquid eligendi dolores ullam velit magnam. Doloremque delectus reiciendis minus cupiditate."
"146","3","Nuclear Monitoring Technician","Ea quia omnis rem voluptas. Pariatur illum et ut hic animi. Sequi at deleniti quia amet officia id iure quam. Nesciunt et quia officiis quisquam nisi est. Dolorum repellat qui quidem et libero quae. Quia sint sunt eaque blanditiis qui quo. Nulla accusamus est doloribus nihil amet ea dolorum aperiam."
"147","1","Carpenter Assembler and Repairer","Quis aut qui et quidem. Impedit alias qui fuga sunt at consequatur. Quis est voluptatem dignissimos tenetur. Est quod temporibus dicta delectus qui est. Voluptatem iste cupiditate rerum consequatur tempora rem. Amet sit necessitatibus ipsam iste voluptatem qui debitis."
"148","1","Communication Equipment Worker","Provident excepturi quis eum quasi. Iusto natus et est. Delectus blanditiis ea ut et. Magni consequuntur reiciendis quod reiciendis dolore architecto. Iusto nostrum voluptatem laboriosam. Ad vel nihil neque amet et."
"149","5","Automatic Teller Machine Servicer","Numquam maxime excepturi ab necessitatibus quis distinctio architecto. Et illo dolor qui et a commodi. Assumenda velit eaque ea ad ut ex et. Est saepe et error et. Delectus quia eaque quo quia aut eum. Voluptas earum sed quo optio sed tempore mollitia sit. Aut maxime minus illum et iusto distinctio. Numquam voluptas a quos explicabo ut sunt perferendis pariatur. Consectetur reiciendis vel est ut quidem odit. Illo amet aut ut a. Rerum asperiores sint et aut odio ducimus. Ipsum corporis esse non consequatur ut distinctio. Culpa consequuntur voluptatem nam repellat commodi."
"150","4","Stationary Engineer","Ea corrupti esse nihil quia rem laudantium assumenda eum. Ullam itaque laudantium voluptas ut."
"151","1","software engineer","adfasdfasdf"
"152","1","Software  developerss","sdfasfssdfasfssdfasfssdfasfssdfasfssdfasfssdfasfs"
"153","1","system engineer","asdfasdfsdf"
"154","1","Software developer1","asdfasdfasdf"
"155","1","abcc","asdfasdf"
"156","1","database settings","database settings"
