"id","job_title","description"
"1","Engineering Manager","Consequatur corrupti aut porro illum. Dolorum rerum quia iste sit impedit expedita animi. Vitae voluptates nemo qui qui. Velit est dolorum corporis enim corporis laudantium non. Maiores id pariatur animi consequatur non soluta."
"2","Nursing Aide","Aliquam inventore ipsum qui. Necessitatibus voluptas ea quibusdam consequuntur. Voluptas aliquam est nam quasi magnam quos animi quia. Eum error inventore distinctio eos dolore. Eum quisquam est quia vero enim. Fugiat et laudantium omnis nihil et ipsa commodi. Corrupti ratione et ipsa quibusdam vero deserunt ipsum. Veritatis nostrum sit labore architecto."
"3","Financial Examiner","Sunt ut natus consequatur ratione. Aut sapiente dolor et dolorum magni incidunt. Atque quisquam esse magni fugiat non officia. Eveniet voluptates ducimus laboriosam omnis quas sapiente vel. Beatae quo delectus architecto harum sint. Itaque rem totam tempore dolore qui. Est et suscipit accusantium corporis amet magni eligendi. Consequatur tenetur soluta sit suscipit. Occaecati cum autem quis alias. Est et et esse libero aut hic et eum."
"4","Set and Exhibit Designer","Voluptatem eius ut facere temporibus error quia quisquam. Deserunt in aut iusto optio."
"5","Special Forces Officer","Ea in qui temporibus et. Iste quis voluptas expedita quis. Distinctio quaerat ut atque quis quia doloremque tenetur. Repellat esse qui nulla. Voluptas numquam id omnis aut illum qui sapiente."
"6","Philosophy and Religion Teacher","Dolor qui distinctio molestiae. Et dignissimos inventore earum velit ut. Molestiae dolores repudiandae quod ut voluptate. Dolor impedit recusandae nam fugit. Explicabo sint fugiat asperiores earum qui. Quas fugiat itaque dolores neque corporis aut. Incidunt tempora qui voluptas ea minima velit. Id minima quo incidunt atque. Ea pariatur quis qui laboriosam qui. Velit excepturi quibusdam similique est hic sit accusamus."
"7","Precision Mold and Pattern Caster","Dolor rerum aut voluptas et omnis. Qui magnam voluptate veniam voluptatem quia libero et."
"8","Material Moving Worker","Non voluptas et iste error vel ducimus. Quisquam eos nihil consequuntur dolores perferendis non natus. Consequatur qui illo eum porro dolor. Repudiandae error nostrum quisquam neque. Eum eaque illo atque esse sint quibusdam."
"9","Textile Machine Operator","Totam molestiae doloremque aut et quos explicabo. Sint modi qui omnis saepe incidunt nesciunt magnam quam. Voluptas excepturi eos voluptatem enim veritatis omnis odit quo. Laudantium dolores sit culpa illo voluptatem similique sit. Eius accusantium deleniti exercitationem dolorem non. Et labore incidunt et quia sint. Quia illo non ea modi minus est culpa quam. Voluptate esse voluptate ut. Ratione et maxime illum magni laudantium odio recusandae. Nisi sit hic facilis placeat voluptatum ut."
"10","Personal Care Worker","Possimus voluptatem est sit dolor. Sed illum quo dolores consequuntur. Totam provident nihil voluptas rerum autem. Voluptas facere dolore praesentium voluptatibus expedita. Sapiente iure ut minus. Tenetur soluta nam earum laborum repellendus. Voluptates qui sequi temporibus sit et. Non enim delectus quia pariatur ex."
"11","Administrative Law Judge","Aut similique mollitia odio corrupti ad nobis quod. Hic doloribus assumenda sequi quam a. Ut vel quia earum nulla alias. Nesciunt dolorum a iste et. Qui saepe asperiores voluptatum cupiditate. Perspiciatis tenetur incidunt et fuga eum. Sit fugiat et nihil unde alias."
"12","Space Sciences Teacher","Tempora enim est sapiente labore nam. Ut ut laborum id nihil. Nostrum veniam eum non officiis qui ea neque. Enim rerum esse rerum non. Inventore qui dicta laudantium impedit aut laudantium possimus libero. Quos asperiores modi voluptatem modi."
"13","Automotive Specialty Technician","Et maiores molestiae ut voluptas sunt fugiat. Rem atque tempora qui. Ut earum id laudantium dolorem et. Impedit velit aut blanditiis sapiente. Deleniti neque omnis voluptas. Perferendis aliquam commodi placeat itaque quaerat id nihil. Voluptatum dolor nesciunt rerum optio exercitationem nesciunt omnis. Voluptates architecto sed non sapiente repellat est rem."
"14","Metal Pourer and Caster","Beatae excepturi quo repellendus architecto et aut neque. Repudiandae et consequatur inventore est dolor dolores. Non voluptatem eos deleniti. Fugit quia aut consequatur omnis nulla beatae porro. Quo numquam officia quaerat et."
"15","Transportation Attendant","Adipisci quasi veniam animi ut totam et. Beatae esse iusto odit velit commodi. Velit consequatur in ad magni. Eos ipsum natus aut. Aspernatur asperiores eos quaerat ex ea. Quia reiciendis et aut omnis. Voluptates ex non culpa rem et omnis ea quas. Iusto alias et omnis voluptas vel. Dolore accusamus reprehenderit dicta in reprehenderit dolores doloremque quod. Quia quia ad nemo consectetur delectus. Ducimus quas voluptatem dolor modi voluptas."
"16","Insurance Sales Agent","Aliquid repellendus et fugiat numquam enim est at. In eligendi vel autem quia quibusdam nobis. Suscipit at quam dolorem deleniti et."
"17","Surveying Technician","Quas aut porro assumenda et magnam voluptatem. Voluptate consectetur iste distinctio recusandae. Et quos perspiciatis sit quia et adipisci. Delectus doloribus sequi quas qui omnis non dolor non. Vel sint dignissimos itaque quae. Deserunt maxime eum nam quisquam. Nesciunt fugiat in pariatur tempora."
"18","Agricultural Worker","Iusto laboriosam ea laborum dolor. Repellat animi voluptas consequatur labore non soluta laborum. Harum non et optio adipisci minus autem quia. Soluta vel fugit sapiente magnam possimus natus nostrum. Dolore neque quod reiciendis facere id soluta dolores. Ex beatae rerum eligendi voluptatum quod eos. At minima exercitationem possimus similique. Quo molestiae tempore culpa et."
"19","Welding Machine Operator","Consequuntur odio sint eaque quae sit cum. A aliquam tenetur porro eveniet. Vero vel saepe expedita quia omnis ipsam. Et veniam nulla repellendus unde. Dolores est dolorem incidunt aut. Vero harum perspiciatis reiciendis voluptatibus recusandae qui et. Autem enim quasi at voluptas et eum. Mollitia numquam omnis aperiam minus. Aut id labore impedit dolorem enim voluptas suscipit. Modi est rem ut et. Ea ut quibusdam suscipit nam aliquam totam. Iste iste omnis rem ut consequatur. Harum ea autem excepturi quam. Hic autem laudantium corporis quia omnis doloribus."
"20","Concierge","Dolor velit alias voluptatum qui recusandae. Voluptatibus recusandae voluptatibus alias quia voluptate error. Eos tempore itaque ipsam qui officia minus exercitationem. Neque tenetur est laudantium tempora et vero voluptatem est. Tempore quia cupiditate ducimus adipisci quo."
"21","Farmer","Nihil aut et eum earum aperiam saepe necessitatibus blanditiis. Ratione maxime non ipsa provident ex est sint. Sunt rem perspiciatis temporibus nobis perspiciatis quasi et quis. Hic voluptatum hic commodi id itaque. Qui et sint consequatur enim. Tempora deleniti omnis et culpa doloribus numquam quibusdam."
"22","Plumber","Quis libero deserunt eum molestias. Et necessitatibus quidem veniam. Similique at et aut amet enim officia officiis."
"23","Designer","Ad eligendi nesciunt et sunt. Veritatis illo aliquid placeat in velit corporis minima."
"24","Parking Enforcement Worker","Dolorem consequatur quia et mollitia at perspiciatis consequatur. Aut impedit magnam vel praesentium. Corrupti ea voluptatem dolor aspernatur. Quasi odit sequi qui assumenda. Autem omnis minima nobis accusantium facilis. Vel nisi ullam officia quis. Officia excepturi qui quaerat sit nesciunt veniam."
"25","Educational Counselor OR Vocationall Counselor","Fugiat praesentium et rem illum neque. Ut error impedit quasi saepe aut distinctio et. Distinctio voluptatem libero aut. Ducimus natus voluptatem minima eaque qui saepe et. Iste cumque rerum ea incidunt fugiat est perspiciatis molestiae. Minus placeat quo laboriosam aliquid esse sequi. Magnam non eligendi dolorem vitae et. Dolor architecto libero doloribus aut consequatur. Nisi autem et in sint enim. Harum sit fugit architecto minima."
"26","Fabric Mender","Consequatur beatae qui quis laborum nam. Nobis sequi est temporibus molestias. Velit adipisci mollitia nobis et sint quisquam. Expedita dolorem qui et accusamus. Vero iure id reiciendis eaque. Et provident quo minima quis totam sunt numquam. Repellat tempora assumenda optio distinctio et. Facilis sit id maxime sequi cupiditate ducimus."
"27","Food Preparation and Serving Worker","Architecto enim vel et adipisci quis ut. Magnam et et consequatur omnis dicta eaque dignissimos. Quaerat sint illo odio rem dolor dolores. Facilis sed iste vel dolor aut voluptas autem."
"28","Fiberglass Laminator and Fabricator","Iste totam non odio accusantium voluptas rerum similique quo. Est sit autem totam iure nulla similique sit. Omnis odio officiis ea vitae. Deleniti ea est non vel voluptatem voluptatem et. Eligendi ipsa sit nobis ad quod delectus qui. Nemo quia recusandae est veniam quia est. Amet necessitatibus adipisci temporibus nesciunt consectetur occaecati. Magnam voluptatibus autem velit magnam ut quis corrupti consequatur. Facilis ut corporis itaque blanditiis voluptatem qui doloribus dicta."
"29","Rotary Drill Operator","Cumque velit ratione et et voluptatibus dolorem. Modi asperiores blanditiis veniam ut cum quia ullam ut. Facilis corrupti aut reprehenderit aperiam dolor corporis consectetur culpa. Dolores dolor incidunt ut consequatur alias architecto."
"30","Washing Equipment Operator","Necessitatibus mollitia laborum odio excepturi distinctio quis delectus. Nobis cum est sed nihil est temporibus sed. Voluptatibus eos at rerum quo sit voluptas. Provident reiciendis sit nulla. Nobis dolorem accusantium sapiente voluptate. Dicta et libero dolorem est cum ea."
"31","Separating Machine Operators","Explicabo vero rerum doloribus velit dignissimos. Molestiae vel esse qui quia. Inventore dolore et omnis. Voluptatem eveniet reiciendis magni voluptates. Commodi ut omnis magnam quia ad. Aliquid cupiditate sint laborum numquam."
"32","Janitorial Supervisor","Libero dolorum et itaque ea. Fugit praesentium sit rerum et. Nisi sed debitis dolorum. Soluta eius perspiciatis omnis nulla."
"33","Licensed Practical Nurse","Architecto ipsum et voluptatem labore molestiae quia id. Sed voluptatem nulla eos incidunt quisquam. Atque cumque earum asperiores officia non. Rerum fugiat sint omnis totam occaecati officia consequatur. Est totam ducimus consequatur voluptates fugiat qui at est. Corporis delectus ratione nihil in laboriosam temporibus dolores sint. Iste numquam animi qui similique ex rerum."
"34","Police and Sheriffs Patrol Officer","Neque perferendis delectus quaerat beatae voluptatem laboriosam sequi. Quae laboriosam et aperiam id labore dolores. Alias nemo quis eaque ut eaque natus. Aliquid qui ut consequatur porro voluptate. Quae ut possimus optio voluptatem explicabo cumque voluptatum."
"35","Court Clerk","Sunt aut quia voluptatibus assumenda. Esse asperiores quia necessitatibus quasi veritatis occaecati. Enim dolor aut ex perferendis esse facilis. Est voluptates necessitatibus quo et et dolores. Tempora nam nemo eius. Tenetur qui nobis cum illum. Accusamus est sint omnis officia. Fugit enim quis numquam enim cumque ex. Minima facilis error blanditiis possimus nihil. Ipsum assumenda corrupti quaerat tenetur perferendis necessitatibus. Et est sequi qui exercitationem harum accusantium. Rerum in aliquid voluptate explicabo nihil est quaerat nobis. Eos pariatur quibusdam nostrum perspiciatis laudantium dolorem."
"36","Power Generating Plant Operator","Quis et eos ut delectus. Aut ipsa sunt maxime et est numquam voluptate non. Sit voluptatibus mollitia mollitia repellat. Et sit maxime ullam debitis. Aperiam illum qui doloribus corporis tempora. Quas est placeat aliquam suscipit. Odit quibusdam ipsum earum minus dolorem voluptas. Aliquam sed perspiciatis deleniti voluptate."
"37","Animal Trainer","Laboriosam autem molestiae vel magni occaecati dolorem saepe. Eum quod voluptate laudantium iusto dolores. Ut voluptas fuga sed maxime similique voluptatem delectus. Vero magnam distinctio et voluptatem recusandae eaque ea quae. Quod tenetur modi sit velit. Animi autem culpa saepe minima necessitatibus consectetur. Et magnam et dolores vel iure ut facilis. Esse magnam aut perferendis magnam saepe est voluptatem."
"38","Paper Goods Machine Operator","Necessitatibus et sequi ad possimus ut. Sunt est quod corrupti occaecati. Est officia cupiditate praesentium cupiditate sapiente et debitis. Necessitatibus explicabo a aspernatur delectus est quas. Voluptatem aut cupiditate quia quibusdam aut. Odit ullam velit cum asperiores laboriosam. Dolor autem cumque qui accusantium voluptatem. Nulla corrupti ea qui odio accusamus."
"39","Director Of Social Media Marketing","Dolorum assumenda autem quasi voluptatem provident explicabo. Magni quae ex ut aliquid hic consequatur nostrum. Libero et odio dicta necessitatibus. Et omnis nemo magnam quibusdam. Dolor reiciendis non voluptas minima ipsam quam quasi assumenda."
"40","Bench Jeweler","Modi voluptas accusantium eum et. Ut aut qui in mollitia odio nesciunt ex. Magni odio nostrum eveniet distinctio eaque. Quam dolore quod corrupti. Repellat quaerat saepe quos quaerat cumque. Maiores dolor nobis perspiciatis exercitationem omnis. Sed accusamus accusantium sit nemo. Qui voluptatem voluptatem distinctio vel autem incidunt. Non dicta laboriosam quia ea recusandae. Vel et non rem."
"41","Plant and System Operator","Quo sed alias in est commodi eligendi ut consequatur. Ullam est qui a aut aspernatur odio. Totam quia dolores quidem sequi. Quos id voluptas facere. Sit tenetur sit qui nobis quidem deleniti."
"42","Stonemason","Minima itaque vitae et nesciunt quod neque. Maxime rerum quia saepe dolores dolor. Alias mollitia dolores vitae nam qui corporis illo. Voluptatem dicta inventore non. Vero quis nemo voluptatem."
"43","Textile Knitting Machine Operator","Cum earum nemo perferendis nesciunt modi deserunt. Ullam labore molestiae modi velit id quia optio. Necessitatibus iste ad dolor qui repellat. Illum dolorem laborum voluptas voluptas. Dicta aliquam sed quaerat eaque totam facere qui. Autem et aspernatur sed in esse pariatur. Quis necessitatibus debitis vel earum odio nemo harum iure. Et minima blanditiis labore cupiditate quasi. Et officiis suscipit id. Tempore omnis illum fugit iusto ullam qui soluta beatae. Et nihil aut ut omnis ipsum. Voluptatibus accusamus magnam occaecati dolores. Dolor quo sunt sit iusto et repellat. Laborum sit porro et et."
"44","Communication Equipment Repairer","Qui quos omnis soluta officia id adipisci. Ut voluptates exercitationem quia voluptatem voluptatem quos. Unde voluptatem magni cupiditate. Autem ex voluptates et quos."
"45","Transportation Attendant","Minus magni autem consequatur neque. Beatae aliquid porro fugiat officiis aut in id reiciendis. Quos ea neque earum corrupti quo. Aut aperiam quam provident tempore voluptatem magni. Velit est aut minus natus. Debitis dicta repellat minus ab inventore et. Repellendus occaecati nisi non et. Ab omnis explicabo pariatur dolores. Hic voluptatibus laborum sint debitis qui et. Iste dolor dolor eum saepe dicta voluptatem pariatur ipsam."
"46","Buyer","Illo molestiae eos qui quam laborum et. Ut quia est in quia et id. Tempore numquam qui veritatis velit dolores cumque. Autem ad voluptatem cumque non consequatur. Sed exercitationem rem qui animi eos minus distinctio rerum. Qui quia iure quia nihil. Velit error commodi et at. Voluptatem soluta iure et ipsa odio nulla quia consequatur. Dolorem natus qui sed."
"47","Tour Guide","Dicta explicabo blanditiis tempore est eum ab ipsa. Blanditiis eveniet eum vitae. Sed doloremque exercitationem corporis placeat."
"48","Food Tobacco Roasting","Et ducimus et soluta quia rerum. Est corrupti at enim vitae sint. Quis voluptatem non atque quasi occaecati non. Dolores rerum autem earum velit sit assumenda quam. Repudiandae in aut ut dolor. Inventore numquam et corporis rerum. Error ut commodi in officia. Dolores vero officiis doloremque non."
"49","Photoengraver","Maxime incidunt cupiditate aspernatur et impedit eligendi quia. Ullam temporibus facere consequuntur ut rem. In distinctio ullam corporis eius quam. Ut ut rerum quia debitis tenetur vel sit."
"50","Pressing Machine Operator","Voluptatem at in placeat incidunt ut. Reiciendis eum itaque non omnis sunt. Consequatur nobis odit saepe provident saepe sed excepturi deserunt. Rerum veritatis sunt voluptate inventore. Error aliquam omnis perferendis illum. Earum voluptas praesentium illo exercitationem. Illum quia sint minus sed neque mollitia rerum cumque. Dolores totam et alias officia vel. Rerum ut dolores repellat autem vero fuga. Quam maxime eaque aut cumque neque exercitationem ut. Ex qui rerum enim dolorem a vel et dolores."
"51","Network Systems Analyst","Blanditiis libero fuga repellat molestias enim. Fugit consequuntur dignissimos dolorum nihil explicabo ut. Provident aut nesciunt aliquam esse modi ut omnis. Omnis ut aut inventore voluptatem necessitatibus aut."
"52","Etcher","Voluptatem omnis perspiciatis aut autem ipsum non. Voluptatem id est reprehenderit accusantium. Eos officiis rerum ut consequatur accusantium at repudiandae. Quisquam laborum tempore dolores voluptas aliquid. Quasi et aut rerum voluptatum. Dolorum porro commodi culpa et neque. Voluptatem eaque voluptas ut fugiat. Consequuntur sit delectus est ipsa. Sed a veritatis dicta cupiditate vitae quaerat inventore. Dolores nulla ut perferendis fugit dolorum facere magnam aut. Ut ipsum numquam consequatur itaque iusto voluptatem ut. Eum error molestiae qui quis facilis molestiae voluptas. Consequuntur magnam veniam ullam tempora dolorem placeat. Temporibus libero labore aut tempore dolore minus sed."
"53","Platemaker","Accusantium non accusantium sequi delectus. Nesciunt similique incidunt tempore corrupti beatae quidem delectus sint. Sit quis asperiores maxime provident iure porro. Odio praesentium consectetur magni excepturi voluptatem odit ea pariatur. Eum suscipit pariatur enim mollitia incidunt omnis error iste. Expedita quia possimus vel magnam quos id exercitationem iusto."
"54","Lathe Operator","Sed voluptatibus aperiam corrupti tempora. Earum qui rem ut cupiditate qui eum. Quasi ratione quod temporibus distinctio quia. Ut ipsa accusamus laudantium omnis perspiciatis repellat adipisci."
"55","Appliance Repairer","Corrupti voluptatum sunt veniam quo sed. Optio tempore harum tempora officiis occaecati a. Veritatis unde fuga et doloribus deserunt. Minima ipsa sit reprehenderit dolor. Eveniet eveniet quos tempore est."
"56","Cooling and Freezing Equipment Operator","Officia consectetur ut aut. Aperiam pariatur autem possimus reprehenderit. Odio unde molestiae pariatur error occaecati velit debitis molestiae. Hic quia iusto rem. Placeat ea quia ullam nostrum veritatis ipsa voluptate mollitia. Vel totam non quis dolorem non id expedita."
"57","Numerical Tool Programmer OR Process Control Programmer","Non et tempora omnis ea. Et autem aspernatur placeat veritatis. Similique porro aut qui. Assumenda cupiditate perspiciatis quos at totam facilis debitis."
"58","Special Forces Officer","Consequatur fugit dolorem culpa mollitia illo. Reiciendis officiis beatae doloribus. Et itaque quas officia reiciendis."
"59","Industrial Equipment Maintenance","Adipisci est qui sit earum ut possimus deleniti quia. Reiciendis voluptas ipsa quibusdam in doloribus ipsa odio. Et cum qui eos voluptas. Rerum quia aut quis consequatur odit."
"60","Pipe Fitter","Veritatis deserunt blanditiis aut et. Facilis architecto ut voluptatem accusantium. Dolorem omnis quo tempora ab. Aut dolores quo quis voluptas et delectus alias. Dolorem ut doloremque facere. Expedita aliquam voluptatem nobis sed. Et autem porro ratione mollitia blanditiis cupiditate."
"61","Tool and Die Maker","Atque omnis nihil rem optio eius est. Fuga iure nihil earum labore saepe fuga. Provident fugit velit a. Minus eligendi quia et eveniet tempora officiis illum. Officiis facilis rerum rerum. Unde eum tenetur ut dicta quis harum quia."
"62","Keyboard Instrument Repairer and Tuner","Voluptatem voluptas reiciendis vel ut. Quia delectus ut eius nihil omnis. Nesciunt eveniet natus et blanditiis voluptas fugiat tenetur. Quasi qui qui amet est harum sunt eligendi. Molestiae officia enim id. Molestiae praesentium nam minus et vitae."
"63","Actuary","Enim voluptas molestiae est id. Vel modi ipsam adipisci et ex mollitia. Voluptas eum quis sint consequuntur nesciunt. Necessitatibus illo nulla repudiandae voluptatem atque voluptatum est. Aut vero quae sit ipsam maxime magnam velit. Consequuntur amet architecto animi est sit at non sit. Ut ipsum ipsa iusto dolorem molestiae ratione doloremque. Aut aut exercitationem ut consectetur officiis aliquid. Dignissimos odit voluptatum laudantium in et voluptas voluptas."
"64","Management Analyst","Facilis earum corporis in praesentium animi cupiditate ut. Sequi rem placeat aperiam et."
"65","Cartoonist","Sint molestias ea similique praesentium. Et incidunt voluptatem quisquam magnam odit vel corporis. Accusantium deleniti autem sed est eligendi adipisci dolor. Quia eveniet ex ut voluptatem asperiores tempora facilis. Rem vero maiores consequatur non ut cupiditate non. Aut minus tempore consequuntur ad nobis consequuntur quia corporis. Rerum officiis aspernatur quidem qui."
"66","Obstetrician","Quia reprehenderit iusto omnis odio. Dolor mollitia quod soluta. Necessitatibus repudiandae omnis quas nemo ipsum. Illo qui et ab sunt."
"67","Medical Records Technician","Incidunt culpa deleniti aut iste et possimus. Est nam est aut qui. Et laudantium et id. Officiis dolores quia magni omnis possimus. Vitae et est aut. Quia et quos nemo atque aut placeat ut. Deserunt magnam nemo architecto minus enim sed. Suscipit ea iure aliquam et temporibus et. Id est cumque quae quisquam explicabo. Itaque ducimus qui architecto perspiciatis tenetur. Dolorem magnam laborum consequatur nisi dolorem recusandae."
"68","Furnace Operator","Voluptas at odio voluptas nihil laboriosam. Veritatis est iusto voluptatem voluptates et nam magnam. Voluptatem exercitationem recusandae soluta voluptas fuga necessitatibus. Fuga architecto deleniti itaque et adipisci et molestias. Qui qui id distinctio labore quo omnis. Et dolor nesciunt eligendi debitis autem odio in aut. Deserunt distinctio voluptatum accusamus et. Veniam unde dignissimos quo autem incidunt illum quia."
"69","Bill and Account Collector","Rerum in cumque consectetur omnis quis. Consequatur dolores sequi molestiae voluptatem quo dolor quas. Omnis ipsam atque cupiditate qui."
"70","Radiologic Technologist and Technician","Illo rerum consequatur quibusdam error blanditiis laudantium dolorem quis. A voluptas dolorem et laboriosam facilis autem at optio. Enim itaque error cupiditate eos odit. Aliquam sed et aliquam dolor nam quisquam in. Quis pariatur doloribus a exercitationem eius. Sit in vitae ipsum velit asperiores voluptas. Sit facilis illum sequi qui veniam ut sunt voluptates. Quia iure voluptatum perspiciatis repellendus voluptatem."
"71","Precious Stone Worker","Fugit sunt libero voluptatem eum ipsam. Est labore dolore quisquam aspernatur modi ut. Enim doloremque laboriosam veniam facere ut ipsam vero nihil. Nisi sint unde non libero hic eos delectus asperiores. Voluptatem nam eum eaque est. Mollitia ut sed odio ea hic in sit. Doloremque modi commodi in ullam itaque nihil tenetur. Nulla eos architecto nihil vel. Ratione est natus et. Incidunt animi natus deserunt dolore sequi."
"72","Postal Service Mail Carrier","Necessitatibus corrupti atque eveniet nihil nihil ducimus. Eos qui alias pariatur consequuntur quas. Ut assumenda repellendus eius eum magni nostrum. Odit natus tenetur maxime adipisci. Error impedit dolore dolores eum omnis veniam. Nam ut vel iste occaecati reprehenderit aut. Quas soluta cum quisquam consequatur voluptas. Consequatur qui necessitatibus vitae aut ullam iste nulla. Et molestias tempore non voluptatem. Sed nam labore commodi excepturi nemo. Delectus neque atque eius in est recusandae minus."
"73","File Clerk","Ut nostrum aut qui nemo. Enim aliquid itaque non qui debitis. Dicta omnis architecto recusandae soluta itaque architecto incidunt ipsam. Consequatur omnis eos in ad. Consequatur nobis inventore sit reprehenderit. Placeat tempora quod atque occaecati consequuntur. Excepturi nemo inventore consequatur nihil harum sunt quia rerum. Non sit odit pariatur pariatur consequatur laboriosam consequuntur omnis. Porro quaerat veritatis aut illo et. Maxime est minima id exercitationem beatae ipsa. Consectetur hic accusantium in soluta. Officia excepturi non aut quis. Consequatur eum at velit voluptatem iusto aut sed. Blanditiis magni et nisi est. Et ipsa in aut."
"74","Geography Teacher","Eos voluptas voluptas molestiae aut. Asperiores ut facere necessitatibus voluptatem atque. Voluptas error odio quia est temporibus illo. Fugit fugiat sed ad delectus assumenda necessitatibus omnis. Repellendus eum qui accusamus ea."
"75","Medical Equipment Preparer","Exercitationem doloribus eos iure quia et repellat. Sed libero in et nobis. Sed voluptas quis molestiae voluptatum. Odio excepturi a soluta. Et praesentium quos dolore a culpa odio officiis nisi. Cupiditate expedita asperiores provident et vero rem. Cum aliquid ea odio voluptas et."
"76","Professor","Nulla ut pariatur id corporis iure ea et. Voluptatibus omnis consectetur sit ut enim voluptas optio voluptate. Et veniam quam quo dignissimos voluptas. Numquam necessitatibus omnis est ipsam. Facilis voluptatem eaque unde culpa accusamus. Aut doloremque ex suscipit aut. Quia quo eveniet aut."
"77","Heaters","Aut rem et quod. Suscipit natus cum porro consectetur."
"78","Transportation and Material-Moving","Pariatur quod omnis quasi explicabo eaque. Maxime qui architecto voluptates quas odit rerum nihil ut. Qui voluptas odit earum vero. Numquam et assumenda ipsam incidunt. Repellat omnis temporibus molestiae autem fuga."
"79","Host and Hostess","Dicta aut iusto velit distinctio ab. Quia autem mollitia optio est. Temporibus rerum eum molestias hic similique. Molestiae et corrupti iusto fuga et fugiat. Et optio eveniet voluptates iusto. Praesentium rerum ab libero sit fuga quas asperiores."
"80","Bus Driver","Quisquam aut eius voluptas consequatur. Ipsam minima illum voluptas ad aut atque nostrum tenetur. Tempore hic sapiente quibusdam voluptatem quos rerum enim."
"81","Precision Aircraft Systems Assemblers","Commodi similique vel velit non. Ut a numquam non enim. Excepturi expedita amet quidem saepe autem ipsum. Molestiae et repellendus in. Iure est magnam aliquid deserunt ullam voluptas est. Aperiam in accusamus sed nihil. Sed est ipsa illum officiis quasi aspernatur nemo aspernatur. Soluta quia ipsum suscipit inventore voluptas architecto sed. Porro est et quia aut. Ipsa quod totam consequatur blanditiis rerum expedita ratione non."
"82","Clinical Laboratory Technician","Aliquid nulla perferendis ab porro velit atque quo accusamus. Cupiditate soluta ducimus ut amet dolorem mollitia. Sit voluptatem quos consequatur molestiae voluptatem quasi ad. Nemo possimus perspiciatis autem quis debitis. Qui rem quia vitae minus rerum iusto mollitia."
"83","Precision Aircraft Systems Assemblers","Ex blanditiis fugiat quisquam. Et voluptates unde reprehenderit omnis non explicabo. Maiores quod impedit dolor et quia consequatur. Et esse ea vel non itaque explicabo ratione. Ducimus dolores harum in velit sit est inventore. Rerum sunt molestiae accusamus repudiandae incidunt nobis minima."
"84","Set Designer","Libero nemo culpa fugit non ex assumenda. Doloremque quam in omnis saepe doloremque. Tempora rerum dicta aut est. Beatae aut quam numquam molestiae."
"85","Brattice Builder","In possimus consequuntur eaque ad. Dolorem ut placeat quia ut sunt. Quia repudiandae fuga maiores rerum quia dolore omnis voluptatem. Sed accusamus tempore rerum voluptatem soluta officia mollitia."
"86","Detective","Doloribus adipisci magni minus incidunt provident veniam quis. Rerum et et ut dolor quae inventore. Voluptates deserunt sint ad ullam necessitatibus. Ipsa et id nam facere repellendus libero rerum. Ea placeat numquam delectus dolores repudiandae adipisci veniam."
"87","Office and Administrative Support Worker","Optio non laboriosam dolorum eveniet. Consequatur vel doloribus error voluptas praesentium itaque. Rerum non dolor veniam. Et voluptas non quas hic. Ea repudiandae fugit nisi laudantium quis ipsa."
"88","Jewelry Model OR Mold Makers","Beatae fuga libero magni quod. Nihil quas est natus id eaque. Placeat blanditiis non perspiciatis vel quod. Aspernatur dolores dolorem veniam."
"89","Glass Cutting Machine Operator","Veniam doloribus consequatur ut inventore omnis expedita. Qui ut animi quae quia. Consequatur modi qui iure ducimus ut. Dolores sint minus deleniti et nihil."
"90","Food Science Technician","Iure nihil quis molestiae et eos laudantium corporis. Quo sapiente voluptas sit aut nobis. Cum nesciunt eius consectetur explicabo libero. Enim et qui ad hic."
"91","Mail Clerk","Dolor voluptatem fugiat et laboriosam voluptas. Placeat omnis voluptate corrupti sint. Nulla esse et doloribus provident. Deleniti fugiat ea autem esse ea ducimus id. Itaque maiores explicabo facilis aut eligendi eum quidem. Sequi quo harum consequatur libero."
"92","Plating Machine Operator","Omnis sunt qui ut. Est inventore ut cupiditate sit deleniti occaecati corrupti. Labore aut autem non dolores. Ut unde cupiditate recusandae blanditiis nulla accusantium."
"93","Construction Laborer","Iste sed sint qui dolorem dolor. Ut voluptas et rerum commodi soluta et voluptatibus. Qui dolor et consequatur non qui blanditiis. In esse inventore consequatur perferendis nemo debitis repudiandae omnis. Sed voluptatem optio accusamus ut quo impedit. Velit voluptatem fuga molestiae. Laboriosam consequuntur quia cupiditate eaque facere. Qui dolorum autem perspiciatis iure ab et. Quam quo ducimus qui sit vel odio qui. Fugit nihil voluptatem autem officiis. Earum repellat ducimus dolorem quis. Hic et amet voluptas quisquam id. Eaque hic dolorem atque consequatur dolorem sint. Error vitae molestiae id necessitatibus incidunt est et. Iusto ex incidunt doloribus et sint."
"94","Photographic Process Worker","Est et est consectetur ad earum. Officia sint est quasi fugiat. Ipsa consequatur odit non et repudiandae. Ea natus reprehenderit similique ipsum. Vel praesentium accusamus laudantium ut suscipit animi voluptatem. Eaque omnis soluta eius laudantium facilis esse. Exercitationem nam quis quas porro. Nihil quasi architecto voluptates. Occaecati debitis nihil est omnis."
"95","Floor Finisher","Officia totam et fuga beatae incidunt. Ducimus aut aut magnam molestiae placeat sed. Et maxime ut iure blanditiis enim eum. Et pariatur omnis quas corporis. Sit distinctio nam molestias sint officia."
"96","Railroad Conductors","Non qui incidunt qui asperiores dicta omnis reprehenderit. Eligendi a recusandae iusto aspernatur atque tempora. Sit deleniti minima ea sit minima non reiciendis. Tenetur et ipsam quibusdam atque optio facilis. Aut sapiente odio et sapiente eligendi illo."
"97","Sales Manager","Et aspernatur dolorem saepe at illo. Nulla neque tempora dolores est odio. Aut beatae odio maiores et sint aut pariatur. Dolorem nihil non aut sed earum eos. Minima aliquam alias aut aut. Et quisquam et unde rerum quos eaque. Sunt aperiam qui recusandae quia ab aut dolore. Non ad illum corporis autem fugit laborum similique."
"98","Barber","Quasi officia pariatur consequatur odio omnis rem corrupti. Quas a ab quos nam incidunt et debitis. Ipsum et temporibus dignissimos dolorem eos. Quis fuga laborum a vero. Et ab consequatur eius enim cum voluptatem. Accusamus nobis voluptas aliquid repellendus eum laboriosam sed qui. Autem hic aliquid exercitationem dicta."
"99","Material Movers","Unde in quod autem veritatis quam. Quis inventore dignissimos consequuntur a. Excepturi et debitis reprehenderit soluta. Consectetur voluptas iure fuga qui iure. Aut eum in omnis voluptatibus autem quibusdam."
"100","Woodworker","Modi non optio est laboriosam voluptatem dolorum voluptatibus. Consectetur dolore dignissimos id magni sunt voluptate laudantium."
"101","Insurance Underwriter","Ea praesentium labore est non voluptatibus quia voluptatem minus. Enim sed dolorem magnam voluptates velit expedita sint unde. Hic non provident velit architecto. Ipsa ab eaque qui magni quos dolorem. Velit ut ut aut mollitia. Tempore quo ex et facilis. Tempora eveniet blanditiis est magni qui. Assumenda amet iste eveniet hic enim. Qui voluptatem quaerat accusantium et. Rerum aliquam saepe rerum. Debitis libero repellat nulla ipsum non inventore. Est reprehenderit omnis ut deleniti quasi modi. Deleniti tempore repellat sed natus expedita. Mollitia voluptas aut ut expedita sapiente et natus mollitia."
"102","Fraud Investigator","Vel amet ipsa dolore necessitatibus rerum. Nesciunt dolor ullam optio nobis. Error corrupti animi sit cum animi. Ad sint laudantium molestias incidunt. Quia quo et voluptate beatae."
"103","Forest Fire Inspector","Perferendis voluptatem placeat corrupti aperiam. Earum excepturi id quaerat veritatis modi nihil nemo. Vel fugiat delectus assumenda omnis. Magni aspernatur est id accusantium ab et vel."
"104","Movie Director oR Theatre Director","Sint animi est cumque et eos consequatur illum id. Fuga deleniti labore ullam aut numquam."
"105","Industrial Safety Engineer","Et et qui laborum recusandae accusamus. Est dolor omnis et totam quo possimus quis. Est voluptatibus unde delectus nulla."
"106","Credit Authorizer","Non atque quos praesentium ut eos aliquam quae. Qui qui officia mollitia a vel voluptas aperiam iusto. Dolores accusamus tempora rerum. Cum sint autem voluptas velit rem. Assumenda eum porro non cupiditate sit. Et porro nulla dolorem soluta rerum amet quis. Perspiciatis dolores eum quis itaque sit incidunt."
"107","Food Preparation and Serving Worker","Eaque vero omnis cum repudiandae. Earum molestiae sed sunt illum necessitatibus rerum. Rerum quisquam praesentium consequatur quis quaerat. Voluptatum nemo eaque reiciendis totam. Est nostrum qui aut distinctio non laborum. Qui consequatur corrupti consequatur esse. Ut consectetur laborum cupiditate accusamus aut aut totam dolorem. Et saepe saepe enim illo nihil excepturi. Et beatae omnis eos molestias."
"108","Market Research Analyst","Sunt quia quia tempora. Et mollitia quia quam. In impedit dolorum hic id nisi tempore error maxime. Perspiciatis similique tempore quam dolorem voluptatem repellat maiores. Architecto ut est quia asperiores voluptas. Quaerat occaecati numquam laboriosam sunt."
"109","Financial Examiner","Quia voluptas delectus quos non. Voluptas mollitia placeat accusantium consequatur quis libero. Optio voluptas impedit id corrupti. Impedit et voluptas vero in. Omnis est enim voluptas pariatur labore et iure."
"110","Textile Worker","Ut voluptatem omnis totam saepe pariatur quasi. Animi enim qui id porro similique. Esse tempora praesentium animi vitae et similique sint vero. Tenetur doloribus sit fugit aperiam. Id voluptatum nihil magnam voluptas quam et. Suscipit earum magnam ad."
"111","Petroleum Engineer","Rerum cupiditate neque vel nihil sint optio neque. Aut autem facere repellat sunt eum velit cum. Similique perferendis quae culpa enim aut ducimus quas."
"112","Agricultural Worker","Incidunt exercitationem nobis neque officiis. In blanditiis quo recusandae. Quam possimus non molestiae est reprehenderit ut. Quisquam sunt quidem amet id. Explicabo aut dolores iure est perspiciatis qui incidunt inventore. Consectetur hic nemo sapiente voluptate minus id. Velit ut fugiat in deleniti excepturi perferendis non. Dignissimos voluptas harum itaque quia."
"113","Adjustment Clerk","Alias illo tempora commodi ipsum eveniet. Provident illo quisquam qui enim magni et sed. Non corrupti id commodi inventore quod non ut. Doloremque placeat ea beatae qui. Molestias ratione distinctio perferendis dolorem cumque quod aliquam voluptatum."
"114","Parking Enforcement Worker","Sequi commodi exercitationem et qui quia. Ut sed error qui veritatis vel fugiat occaecati animi. Consequatur omnis tempore neque eos qui. Quae dignissimos doloremque quod rerum culpa. Praesentium sit quia aut distinctio velit esse corporis ea. Dolorem vitae incidunt necessitatibus esse. Consectetur possimus et reiciendis ratione enim. Accusamus nulla maxime explicabo repellat voluptatibus. Aspernatur tempore repudiandae quisquam. Vero dolorum accusamus velit fuga autem minima enim."
"115","Postal Service Mail Carrier","Non laborum fugit at vitae. Facilis voluptatum ut suscipit maiores expedita id nihil nihil. Enim qui in consequatur voluptatem. Dolorem voluptatibus in sapiente placeat ut corporis."
"116","Ship Captain","Facere eligendi ipsa qui blanditiis aut quasi quis temporibus. Dolorem quaerat voluptatem repudiandae et nihil fugiat explicabo. Iusto quibusdam porro ratione necessitatibus qui totam. Corporis qui qui voluptatem accusamus eum distinctio. Est vel mollitia eius assumenda error quo illum recusandae. Enim assumenda voluptatem qui ducimus magni. Et quas explicabo nihil. Adipisci ipsam voluptates iusto et alias. Atque repellendus sed ut quibusdam. Ab consequatur non aliquid enim cupiditate impedit."
"117","Gas Pumping Station Operator","Laboriosam ut dolores omnis voluptas distinctio inventore. Quia ducimus aliquid consectetur neque autem."
"118","Product Safety Engineer","Occaecati et tenetur quisquam molestiae ut nobis nostrum adipisci. Commodi velit ut sapiente molestias quia dignissimos. Nostrum non veniam tenetur beatae expedita."
"119","Criminal Investigator","Earum rerum autem numquam eos veritatis. Voluptas dolore distinctio atque quia placeat rerum perspiciatis. Non minus rerum provident rerum eos et. Accusantium alias placeat aut omnis beatae. Quibusdam et sed deleniti sint."
"120","Cabinetmaker","Officia iste optio aliquid amet et vel possimus omnis. Ducimus dolor non autem repellat illum assumenda. Quod ducimus numquam voluptates molestiae similique perspiciatis. A ipsum excepturi voluptatibus nisi. Provident quas vel libero sit. Velit tempore quas sint ea vitae qui dolor. Deserunt fugiat ut ab. Eum omnis quasi error nam enim delectus dolorem. Minima qui voluptatem nobis consequatur qui quia necessitatibus sit. Voluptatem illo eaque quia optio. Illum dolore et laborum et quidem. Est commodi voluptates voluptas. Totam quibusdam dicta beatae repellat quia."
"121","Construction Carpenter","Vitae ea neque qui itaque rerum non quia asperiores. Veritatis et aperiam veritatis. Ea eos eos corporis sed."
"122","Production Inspector","Vitae inventore soluta repellat voluptatem enim. Enim velit tenetur dolores nisi aperiam aut. Dolorem sed iste hic autem nemo non ut corporis. Soluta sapiente facilis aspernatur. Minima dolor aspernatur minus possimus ut."
"123","Electrical Engineer","Mollitia blanditiis doloremque nobis est accusamus incidunt amet. Autem id sunt aperiam doloribus molestias unde a. Blanditiis architecto perferendis eius autem quisquam dolorem explicabo. Ipsum dolorem alias rerum atque."
"124","Heat Treating Equipment Operator","Aspernatur corporis sapiente quo. Dicta beatae optio quo aspernatur doloremque. Quae impedit accusamus nihil recusandae. Aut quos quam similique reiciendis."
"125","Marketing VP","Sint maxime consequuntur odio nam odit optio. Repellat blanditiis laborum tempora eos. Commodi ut earum id deserunt molestiae est a possimus. Minima tenetur ut nihil vel. Magni a tenetur est perspiciatis ea qui. Voluptatem consectetur ipsa error non minima. Nostrum laudantium modi rerum magnam. Ut cumque dolor voluptatibus occaecati reprehenderit dolor fuga enim. Consectetur adipisci unde quis minima inventore aut doloribus soluta. Quis est et nemo culpa ipsa rerum doloremque et. Rerum ut omnis eum ea reiciendis rerum qui."
"126","Able Seamen","Ducimus et ipsum et expedita sunt voluptatem. Qui tempora ratione sit quam. Natus non enim vel autem deserunt suscipit exercitationem. Adipisci quos enim possimus nulla ut modi impedit. Saepe placeat est quis voluptatibus. Non dolor omnis et cupiditate ut natus rerum. Velit quos molestiae ut eligendi quo quia."
"127","Physician","In sit doloribus repudiandae non tempora nulla vel officiis. Ullam dolores veritatis quasi consequatur qui autem. Earum eligendi atque sed quidem nobis voluptatibus facilis. Et voluptatem aut quis est ad soluta. Aut unde repudiandae neque at ea et."
"128","Tax Examiner","Adipisci assumenda debitis libero nesciunt repellendus dolore. Pariatur est distinctio sed animi nam. Pariatur molestiae incidunt et quis. In vel ducimus labore explicabo et ratione ut. Minima natus placeat quasi omnis sit quam voluptatum voluptatem. Voluptates veritatis sapiente exercitationem iure labore. Repellendus sit ratione consequatur excepturi. Rerum alias esse qui eos et voluptas doloremque. Quam id illum sit vitae autem praesentium. Laboriosam cumque tempora facere maxime repudiandae soluta facere qui. Placeat recusandae odio tenetur possimus beatae. Ut tempora quia rem."
"129","Natural Sciences Manager","Blanditiis velit error voluptate aut nihil. Voluptas voluptas praesentium consequuntur nostrum accusamus nostrum. Ratione est quod voluptas omnis voluptas magnam."
"130","Industrial Machinery Mechanic","Fugit non officia soluta voluptatem. Debitis autem magnam aperiam unde qui nesciunt. Fugit rem modi libero. Quo cumque accusantium eum excepturi quibusdam. Facere placeat voluptatem tempora recusandae aut cumque magnam est. Quisquam doloremque et cupiditate quia est quasi. Perspiciatis sint ipsum qui cupiditate minima. Sunt perferendis enim voluptatum maiores est."
"131","Orthodontist","Fugit suscipit repudiandae voluptas eum ipsam. Exercitationem aut deserunt quis quibusdam. Nostrum velit quia vitae et iusto dolores asperiores. Eos est sed dolor. Ea temporibus nobis iste eum non laudantium. Voluptatum facere ipsum facilis quod. At nisi ipsa quo non aspernatur pariatur et."
"132","Health Technologist","Autem necessitatibus harum ab velit repellat debitis. Nam possimus illo qui labore. Sed consequatur earum dignissimos debitis laboriosam in culpa. Dolore dicta impedit neque velit rerum. Repellendus pariatur praesentium neque totam dolorem itaque. Aliquid ut est delectus molestiae recusandae optio. Sed veniam error et quod voluptatem sed non. Aliquam et atque aut velit ut doloribus. Laboriosam ut earum harum voluptates delectus nam beatae."
"133","Material Movers","Sint quia illum hic sit deserunt molestias. Labore aliquid est ea ex praesentium dolor temporibus voluptatum. Quas ipsam iure doloremque ipsa incidunt doloribus laborum. Ut et beatae voluptatem magni libero qui. Asperiores sit vel voluptatem aut. Facere ea quis possimus unde quasi officiis. Ea officiis sequi qui inventore mollitia voluptatem quia. Tenetur expedita dignissimos facere voluptates nulla odit laudantium. Quae blanditiis ducimus enim blanditiis excepturi."
"134","Fashion Model","Et qui magni debitis voluptates debitis neque perspiciatis. Eaque voluptatum sint esse at ut. Nulla eveniet omnis nihil a aliquam et adipisci. Cumque ea officia suscipit qui."
"135","Administrative Support Supervisors","Facilis laudantium itaque voluptates sed quis. Culpa dicta impedit dolor est omnis ullam consectetur nostrum. Delectus et minus error ea laudantium. Architecto et asperiores totam ipsa quia consequatur explicabo. Velit officiis iste et voluptas ut repudiandae suscipit. Qui eos minima asperiores quia. Ea quae delectus eius sapiente ex. At impedit fuga nam similique adipisci et. Provident neque animi dolor aut voluptatem voluptatem mollitia voluptatem. Excepturi aliquam dolor iste similique qui consequatur dignissimos. Similique autem dolores aperiam deleniti."
"136","Textile Knitting Machine Operator","Accusamus beatae molestiae voluptas tempore in quae dolor. Nemo nisi et qui dolorem quam culpa. Iure tempora asperiores hic. Nulla mollitia minus non autem laboriosam ut iure. Esse natus odit aut."
"137","Operations Research Analyst","Distinctio atque consequatur vel repellendus dolores delectus est. Et qui laborum harum nihil maxime fugit. Sint sequi amet aut libero voluptatem dicta. Tempora veritatis nam commodi et. Et rerum minima iste aut numquam voluptatem explicabo nisi. Ad molestiae quod quis autem voluptatem harum officia. Excepturi cupiditate mollitia eos vel. Et consequuntur sint voluptas impedit. Optio amet consectetur provident laudantium perferendis alias doloremque."
"138","Machine Tool Operator","Iusto est dignissimos in. Omnis amet quibusdam illum tempore illo. Aperiam exercitationem qui eaque deserunt distinctio voluptates deleniti rerum. Voluptas dolorum nam assumenda excepturi. Dolores architecto et et accusantium eaque sit ea voluptatem. Et ipsa nisi rem omnis quia consectetur sequi. Quaerat labore quo temporibus occaecati tempore error repudiandae. Aspernatur dolores est possimus eveniet aut saepe fuga. Velit saepe id et sit. Eum ad qui nihil rerum illo."
"139","Registered Nurse","Unde qui aut in perspiciatis provident. Voluptatem ea eveniet quas laborum expedita incidunt. Molestias ducimus harum in voluptatum exercitationem in eveniet laboriosam. Quaerat animi sunt et. Quae et nobis amet impedit velit voluptas. Nostrum praesentium aliquam adipisci. Quibusdam quisquam veritatis eos vel libero voluptas. Quis autem doloribus esse animi."
"140","Astronomer","Atque qui eaque aliquam et. Officia est ad exercitationem labore neque ipsa sit. Nihil illum rem ab quos dolorem eum totam. Consequatur ratione nemo cupiditate minima non consequatur nulla. Est qui tempora maxime. In quasi placeat animi et quae commodi."
"141","Musician OR Singer","Cupiditate qui eius et dolores. Sunt eligendi dignissimos ut expedita. Qui nesciunt velit inventore doloremque provident. Laudantium est eveniet consequatur unde ea. Dolores nihil voluptatem omnis quidem blanditiis minima autem. Nobis rem quo autem quia corrupti. Officia eius eos commodi quia asperiores architecto consequatur."
"142","Board Of Directors","Voluptatem quo cum maxime et deserunt. Amet minima sed placeat dolor ea consectetur. Deleniti soluta optio officiis fugiat. Sequi sapiente voluptas unde pariatur consequatur dolor. Tenetur laborum quod tempora porro tenetur est. Dolore non incidunt assumenda rerum. Dolores sunt mollitia adipisci repellendus et labore. Pariatur quia aperiam ratione consequatur repellendus delectus quisquam."
"143","Cashier","Illo sit quasi molestiae fugiat alias et. Corporis reiciendis molestias aut itaque. Libero tempore deleniti ut omnis. Perspiciatis quas atque culpa dicta qui labore incidunt. Ab et omnis sint similique quia."
"144","Excavating Machine Operator","Eum sit quia cupiditate aliquid ipsam saepe necessitatibus. Voluptates qui autem molestiae tempore aut vel in itaque."
"145","Plant Scientist","Recusandae reiciendis rem quasi nihil. Pariatur quasi vero qui. Et aut libero et qui voluptatem aut iure. Ipsa sunt expedita similique mollitia. Veritatis suscipit id est sapiente facere quos. Assumenda fugit ullam unde eum. Similique qui aut in ipsam. Voluptatem aliquid aliquid eligendi dolores ullam velit magnam. Doloremque delectus reiciendis minus cupiditate."
"146","Nuclear Monitoring Technician","Ea quia omnis rem voluptas. Pariatur illum et ut hic animi. Sequi at deleniti quia amet officia id iure quam. Nesciunt et quia officiis quisquam nisi est. Dolorum repellat qui quidem et libero quae. Quia sint sunt eaque blanditiis qui quo. Nulla accusamus est doloribus nihil amet ea dolorum aperiam."
"147","Carpenter Assembler and Repairer","Quis aut qui et quidem. Impedit alias qui fuga sunt at consequatur. Quis est voluptatem dignissimos tenetur. Est quod temporibus dicta delectus qui est. Voluptatem iste cupiditate rerum consequatur tempora rem. Amet sit necessitatibus ipsam iste voluptatem qui debitis."
"148","Communication Equipment Worker","Provident excepturi quis eum quasi. Iusto natus et est. Delectus blanditiis ea ut et. Magni consequuntur reiciendis quod reiciendis dolore architecto. Iusto nostrum voluptatem laboriosam. Ad vel nihil neque amet et."
"149","Automatic Teller Machine Servicer","Numquam maxime excepturi ab necessitatibus quis distinctio architecto. Et illo dolor qui et a commodi. Assumenda velit eaque ea ad ut ex et. Est saepe et error et. Delectus quia eaque quo quia aut eum. Voluptas earum sed quo optio sed tempore mollitia sit. Aut maxime minus illum et iusto distinctio. Numquam voluptas a quos explicabo ut sunt perferendis pariatur. Consectetur reiciendis vel est ut quidem odit. Illo amet aut ut a. Rerum asperiores sint et aut odio ducimus. Ipsum corporis esse non consequatur ut distinctio. Culpa consequuntur voluptatem nam repellat commodi."
"150","Stationary Engineer","Ea corrupti esse nihil quia rem laudantium assumenda eum. Ullam itaque laudantium voluptas ut."
"151","software engineer","adfasdfasdf"
"152","Software  developerss","sdfasfssdfasfssdfasfssdfasfssdfasfssdfasfssdfasfs"
"153","system engineer","asdfasdfsdf"
"154","Software developer1","asdfasdfasdf"
"155","abcc","asdfasdf"
"156","database settings","database settings"
